<archive xmlns="http://rs.tdwg.org/dwc/text/" metadata="eml.xml">
  <core encoding="UTF-8" fieldsTerminatedBy="\t" linesTerminatedBy="\n" fieldsEnclosedBy="" ignoreHeaderLines="1" rowType="http://rs.tdwg.org/dwc/terms/Occurrence">
    <files>
      <location>occurrence.txt</location>
    </files>
    <id index="0" />
    <field index="1" term="http://purl.org/dc/terms/modified"/>
    <field index="2" term="http://purl.org/dc/terms/language"/>
    <field index="3" term="http://purl.org/dc/terms/license"/>
    <field index="4" term="http://purl.org/dc/terms/bibliographicCitation"/>
    <field index="5" term="http://purl.org/dc/terms/references"/>
    <field index="6" term="http://rs.tdwg.org/dwc/terms/institutionCode"/>
    <field index="7" term="http://rs.tdwg.org/dwc/terms/basisOfRecord"/>
    <field index="8" term="http://rs.tdwg.org/dwc/terms/informationWithheld"/>
    <field index="9" term="http://rs.tdwg.org/dwc/terms/dynamicProperties"/>
    <field index="10" term="http://rs.tdwg.org/dwc/terms/occurrenceID"/>
    <field index="11" term="http://rs.tdwg.org/dwc/terms/catalogNumber"/>
    <field index="12" term="http://rs.tdwg.org/dwc/terms/occurrenceRemarks"/>
    <field index="13" delimitedBy="|" term="http://rs.tdwg.org/dwc/terms/recordedBy"/>
    <field index="14" term="http://rs.tdwg.org/dwc/terms/individualCount"/>
    <field index="15" term="http://rs.tdwg.org/dwc/terms/organismQuantity"/>
    <field index="16" term="http://rs.tdwg.org/dwc/terms/organismQuantityType"/>
    <field index="17" term="http://rs.tdwg.org/dwc/terms/sex"/>
    <field index="18" term="http://rs.tdwg.org/dwc/terms/lifeStage"/>
    <field index="19" term="http://rs.tdwg.org/dwc/terms/occurrenceStatus"/>
    <field index="20" delimitedBy="|" term="http://rs.tdwg.org/dwc/terms/associatedTaxa"/>
    <field index="21" term="http://rs.tdwg.org/dwc/terms/eventDate"/>
    <field index="22" term="http://rs.tdwg.org/dwc/terms/eventTime"/>
    <field index="23" term="http://rs.tdwg.org/dwc/terms/habitat"/>
    <field index="24" term="http://rs.tdwg.org/dwc/terms/country"/>
    <field index="25" term="http://rs.tdwg.org/dwc/terms/countryCode"/>
    <field index="26" term="http://rs.tdwg.org/dwc/terms/decimalLatitude"/>
    <field index="27" term="http://rs.tdwg.org/dwc/terms/decimalLongitude"/>
    <field index="28" term="http://rs.tdwg.org/dwc/terms/geodeticDatum"/>
    <field index="29" term="http://rs.tdwg.org/dwc/terms/coordinateUncertaintyInMeters"/>
    <field index="30" delimitedBy="|" term="http://rs.tdwg.org/dwc/terms/identifiedBy"/>
    <field index="31" term="http://rs.tdwg.org/dwc/terms/taxonID"/>
    <field index="32" term="http://rs.tdwg.org/dwc/terms/scientificName"/>
    <field index="33" term="http://rs.tdwg.org/dwc/terms/phylum"/>
    <field index="34" term="http://rs.tdwg.org/dwc/terms/class"/>
    <field index="35" term="http://rs.tdwg.org/dwc/terms/order"/>
    <field index="36" term="http://rs.tdwg.org/dwc/terms/family"/>
    <field index="37" term="http://rs.tdwg.org/dwc/terms/genus"/>
    <field index="38" term="http://rs.tdwg.org/dwc/terms/taxonRank"/>
    <field index="39" term="http://rs.tdwg.org/dwc/terms/vernacularName"/>
  </core>
</archive>
