<?xml version='1.0' encoding='ISO-8859-1'?><content><documents><document oid='1'><dataFiles><dataFile oid='1'><templateOid>biodiversidad</templateOid><name>index</name></dataFile></dataFiles><language>es</language><internalName>def</internalName><name><![CDATA[Salmoniformes Rambur, 1842]]></name><description><![CDATA[]]></description></document><document oid='2'><dataFiles><dataFile oid='1'><templateOid>biodiversidad</templateOid><name>index</name></dataFile></dataFiles><language>eu</language><internalName>def</internalName><name><![CDATA[Salmoniformes Rambur, 1842]]></name><description><![CDATA[]]></description></document></documents><name>especie1</name><author>AC84A</author></content>
