<?xml version="1.0" encoding="utf-8"?>
<eml:eml xmlns:eml="eml://ecoinformatics.org/eml-2.1.1" xmlns:xsi="http://www.w3.org/2001/XMLSchema-instance"
         xsi:schemaLocation="eml://ecoinformatics.org/eml-2.1.1 http://rs.gbif.org/schema/eml-gbif-profile/1.1/eml.xsd"
          system="http://gbif.org" scope="system"  xml:lang="es">

<dataset>
    <title>Dataset Evento de muestreo de Euskadi - Prueba</title>
    <creator>
    <individualName>
<givenName>Oier</givenName>          <surName>Jimenez</surName>
    </individualName>
<organizationName>Eusko Jaurlaritza-Gobierno Vasco</organizationName>    <address>
<deliveryPoint>c/Donostia-San Sebastián 1</deliveryPoint><city>Vitoria-Gasteiz</city><administrativeArea>Araba</administrativeArea><postalCode>1010</postalCode><country>SPAIN</country>    </address>
<electronicMailAddress>hari-berdea@ej-gv.es</electronicMailAddress><onlineUrl>http://www.ingurumena.net</onlineUrl>    </creator>
    <metadataProvider>
    <individualName>
<givenName>Oier</givenName>          <surName>Jimenez</surName>
    </individualName>
<organizationName>Eusko Jaurlaritza-Gobierno Vasco</organizationName>    <address>
<deliveryPoint>c/Donostia-San Sebastián 1</deliveryPoint><city>Vitoria-Gasteiz</city><administrativeArea>Araba</administrativeArea><postalCode>1010</postalCode><country>SPAIN</country>    </address>
<electronicMailAddress>hari-berdea@ej-gv.es</electronicMailAddress><onlineUrl>http://www.ingurumena.net</onlineUrl>    </metadataProvider>
      <pubDate>
      2020-10-30
      </pubDate>
    <language>SPANISH</language>
    <abstract>
        <para>La metodología de obtención de datos del Programa de seguimiento de mariposas diurnas del País Vasco está basada en la originalmente propuesta por el programa británico. Se trata de realizar transectos de longitud y anchura fijas, a pie, anotando cuidadosamente el número de mariposas observadas y la identidad de las mismas. Los recorridos se realizan con una cadencia quincenal durante los meses de vuelo de las mariposas (de mayo a septiembre).</para>
    </abstract>
        <keywordSet>
              <keyword>Distribución de las especies</keyword>
              <keywordThesaurus>biota</keywordThesaurus>
        </keywordSet>
        <keywordSet>
              <keyword>Occurrence</keyword>
              <keywordThesaurus>GBIF Dataset Type Vocabulary: http://rs.gbif.org/vocabulary/gbif/dataset_type.xml</keywordThesaurus>
        </keywordSet>
      <intellectualRights>
        <para>This work is licensed under a <ulink url="http://creativecommons.org/licenses/by/4.0/legalcode"><citetitle>Creative Commons Attribution (CC-BY) 4.0 License</citetitle></ulink>.</para>
      </intellectualRights>
      <maintenance>
          <description>
              <para></para>
          </description>
          <maintenanceUpdateFrequency>daily</maintenanceUpdateFrequency>
      </maintenance>
      <contact>
    <individualName>
<givenName>Oier</givenName>          <surName>Jimenez</surName>
    </individualName>
<organizationName>Eusko Jaurlaritza-Gobierno Vasco</organizationName>    <address>
<deliveryPoint>c/Donostia-San Sebastián 1</deliveryPoint><city>Vitoria-Gasteiz</city><administrativeArea>Araba</administrativeArea><postalCode>1010</postalCode><country>SPAIN</country>    </address>
<electronicMailAddress>hari-berdea@ej-gv.es</electronicMailAddress><onlineUrl>http://www.ingurumena.net</onlineUrl>      </contact>

</dataset>

<additionalMetadata>
    <metadata>
      <gbif>
        <dateStamp>2020-10-30T12:35:52Z</dateStamp>    
        </gbif>
    </metadata>
</additionalMetadata>

</eml:eml>
