﻿id;datasetid;datasetname;type;modified;language;license;rightsholder;accessrights;bibliographiccitation;references;institutionid;institutioncode;ownerinstitutioncode;basisofrecord;informationwithheld;datageneralizations;scientificname;taxonrank;ocurrenceid;catalognumber;othercatalognumbers;recordedby;organismquantity;organismquantitytype;sex;lifestage;reproductivecondition;behaviour;establishmentmeans;occurrencestatus;occurrenceremarks;parenteventid;eventid;yeareventdate;montheventdate;dayeventdate;verbatimeventdate;eventtime;samplingprotocol;samplingsizevalue;samplingsizeunit;samplingeffort;habitat;stateprovince;county;municipality;waterbody;island;minimumdepthinmeters;maximumdepthinmeters;minimumelevationinmeters;maximumelevationinmeters;georeferenceremarks;identifiedby;dateidentified;identverificationstatus;identificationremarks;geodeticdatum;decimallatitude;decimalLongitude;country
urn:EJGV:ocurrences:2804588;1;DATASET DE PRUEBA;Evento de muestreo;2020-05-20 08:15:40.0;spa;;;Acceso público;;http://desarrollo.jakina.ejiedes.net:7001/ac84aBuscadorWar/observaciones/2804588;PENDIENTE;PENDIENTE;PENDIENTE;PreservedSpecimen;;;Cervus elaphus Linnaeus, 1758;Especie;2804588;129947;3167;ALUMNOS DE 6 Y 8 DEL INSTITUTO LOCAL;;individuos;;Gameto;;;;Ausente;Contrary to popular belief, Lorem Ipsum is not simply random text. It has roots in a piece of classical Latin literature from 45 BC, making it over 2000 years old. Richard McClintock, a Latin professor at Hampden-Sydney College in Virginia, looked up one of the more obscure Latin words;1;24;2020;6;15;;;Prueba 8 CAS;120;milímteros;;Cultivo: otros;Araba;Arabako Lautada/Llanada Alavesa;Vitoria-Gasteiz;Río Ebro;"Río Ebro (Isla) ";22;965;22;965;distancia supuesta del camino (Autopista 101) ;Lidia Gos 1994;9/23/16;;Observaciones a la identificación;WGS84;42.9153;-2.5651;España
urn:EJGV:ocurrences:2804589;1;DATASET DE PRUEBA;Evento de muestreo;2020-05-20 08:15:40.0;spa;;;Acceso público;;http://desarrollo.jakina.ejiedes.net:7001/ac84aBuscadorWar/observaciones/2804589;PENDIENTE;PENDIENTE;PENDIENTE;PreservedSpecimen;;;Ciconia ciconia Linnaeus, 1758;Especie;2804589;129948;3128;ALUMNOS DE 7 DEL INSTITUTO DE SANTA CRUZ DE CAMPEZO;;individuos;;Gameto;;;;Ausente;There are many variations of passages of Lorem Ipsum available, but the majority have suffered alteration in some form, by injected humour, or randomised;1;24;2020;6;15;;20:45;Prueba 8 CAS;120;milímteros;;Cultivo: otros;Araba;Arabako Lautada/Llanada Alavesa;Vitoria-Gasteiz;charcas de Maumea;"charcas de Maumea (Isla) ";733;1047;733;1047;;M. Infante 05.95;7/2/16;;Observaciones a la identificación;WGS84;42.8971;-2.5284;España
urn:EJGV:ocurrences:2804590;1;DATASET DE PRUEBA;Evento de muestreo;2020-05-20 08:15:40.0;spa;;;Acceso público;;http://desarrollo.jakina.ejiedes.net:7001/ac84aBuscadorWar/observaciones/2804590;PENDIENTE;PENDIENTE;PENDIENTE;PreservedSpecimen;;;Stenella coeruleoalba (Meyen, 1833);Especie;2804590;130044;VIT 11784;Aseginolaza;;individuos;;Gameto;;;;Ausente;All the Lorem Ipsum generators on the Internet tend to repeat predefined chunks as necessary, making this the first true generator on the Internet. It uses a dictionary of over 200 Latin words, combined;1;24;2020;6;15;;al alba;Prueba 8 CAS;120;milímteros;3 jornadas de muestreo;Cultivo: otros;Araba;Arabako Lautada/Llanada Alavesa;Vitoria-Gasteiz;Trampal de Arlobi 1;"Trampal de Arlobi 1 (Isla) ";5550;110;5550;110;;Jose Maria Sanchez Sanchez-S.C. Aranzadi;4/27/16;;Observaciones a la identificación;WGS84;42.7196;-2.3039;España
urn:EJGV:ocurrences:2804591;1;DATASET DE PRUEBA;Evento de muestreo;2020-05-20 08:15:40.0;spa;;;Acceso público;;http://desarrollo.jakina.ejiedes.net:7001/ac84aBuscadorWar/observaciones/2804591;PENDIENTE;PENDIENTE;PENDIENTE;PreservedSpecimen;;;Ephedra nebrodensis Tineo ex Guss. subsp. nebrodensis;Taxón infraespecífico;2804591;130052;ARAN 3047;Aseginolaza, Gómez & Montserrat;;individuos;;Gameto;;;;Ausente;;1;24;2020;6;15;;al alba;Prueba 8 CAS;120;milímteros;4horas;Cultivo: otros;Araba;Arabako Lautada/Llanada Alavesa;Vitoria-Gasteiz;Balsa del Raso;"Balsa del Raso (Isla) ";719;80;719;80;distancia supuesta del camino (Autopista 101) ;I¿igo Ugalde;2/19/15;;Observaciones a la identificación;WGS84;43.134;-2.3361;España
urn:EJGV:ocurrences:2804634;1;DATASET DE PRUEBA;Evento de muestreo;2020-05-20 08:15:40.0;spa;;;Acceso público;;http://desarrollo.jakina.ejiedes.net:7001/ac84aBuscadorWar/observaciones/2804634;PENDIENTE;PENDIENTE;PENDIENTE;PreservedSpecimen;;;Scilla verna Huds.;Especie;2804634;157469;VIT 12630;Aseginolaza,C., Gómez,D. & Montserrat,G.;;individuos;;Gameto;;;;Ausente;There are many variations of passages of Lorem Ipsum available, but the majority have suffered alteration in some form, by injected humour, or randomised;1;24;2020;6;15;;;Prueba 8 CAS;120;milímteros;7 visitas en el periodo de vuelo;Cultivo: otros;Araba;Arabako Lautada/Llanada Alavesa;Vitoria-Gasteiz;Embalse de Añarbe;"Embalse de Añarbe (Isla) ";1250;545;1250;545;;Centro de Recuperación de Fauna Silvestre de Bizkaia;1/13/19;;Observaciones a la identificación;WGS84;;;España
urn:EJGV:ocurrences:2804635;1;DATASET DE PRUEBA;Evento de muestreo;2020-05-20 08:15:40.0;spa;;;Acceso público;;http://desarrollo.jakina.ejiedes.net:7001/ac84aBuscadorWar/observaciones/2804635;PENDIENTE;PENDIENTE;PENDIENTE;PreservedSpecimen;;;Cynosurus echinatus L.;Especie;2804635;157376;795;A.Morquillas & I.Salcedo;;individuos;;Gameto;;;;Ausente;Observaciones a la cita;1;24;2020;6;15;;al mediodía;Prueba 8 CAS;120;milímteros;16horas;Cultivo: otros;Araba;Arabako Lautada/Llanada Alavesa;Vitoria-Gasteiz;Charca Nave Ganadera La Hoz;"Charca Nave Ganadera La Hoz (Isla) ";227;220;227;220;distancia supuesta del camino (Autopista 101) ;Centro Recuperación de Fauna Silvestre de Bizkaia;7/10/14;;Observaciones a la identificación;WGS84;;;España
urn:EJGV:ocurrences:2804636;1;DATASET DE PRUEBA;Evento de muestreo;2020-05-20 08:15:40.0;spa;;;Acceso público;;http://desarrollo.jakina.ejiedes.net:7001/ac84aBuscadorWar/observaciones/2804636;PENDIENTE;PENDIENTE;PENDIENTE;PreservedSpecimen;;;Gavia stellata Pontoppidan, 1763;Especie;2804636;157377;1922;Ana, Arantxa & P.M. Uribe-Echebarría;;individuos;;Gameto;;;;Ausente;Contrary to popular belief, Lorem Ipsum is not simply random text. It has roots in a piece of classical Latin literature from 45 BC, making it over 2000 years old. Richard McClintock, a Latin professor at Hampden-Sydney College in Virginia, looked up one of the more obscure Latin words;1;24;2020;6;15;;ocho menos cuarto;Prueba 8 CAS;120;milímteros;17horas;Cultivo: otros;Araba;Arabako Lautada/Llanada Alavesa;Vitoria-Gasteiz;Río Urola;"Río Urola (Isla) ";787;410;787;410;distancia supuesta del camino (Autopista 101) ;DFG;7/1/16;;Observaciones a la identificación;WGS84;;;España
urn:EJGV:ocurrences:2804637;1;DATASET DE PRUEBA;Evento de muestreo;2020-05-20 08:15:40.0;spa;;;Acceso público;;http://desarrollo.jakina.ejiedes.net:7001/ac84aBuscadorWar/observaciones/2804637;PENDIENTE;PENDIENTE;PENDIENTE;PreservedSpecimen;;;Carduncellus monspelliensium All.;Especie;2804637;157282;573;Alejandre & Uribe-Echebarría;;individuos;;Gameto;;;;Ausente;Contrary to popular belief, Lorem Ipsum is not simply random text. It has roots in a piece of classical Latin literature from 45 BC, making it over 2000 years old. Richard McClintock, a Latin professor at Hampden-Sydney College in Virginia, looked up one of the more obscure Latin words;1;24;2020;6;15;;;Prueba 8 CAS;120;milímteros;8 visitas en el periodo de vuelo;Cultivo: otros;Araba;Arabako Lautada/Llanada Alavesa;Vitoria-Gasteiz;Estanque de Arriaga grande;"Estanque de Arriaga grande (Isla) ";189;705;189;705;distancia supuesta del camino (Autopista 101) ;Enrique Zuloaga-S.C. Aranzadi;3/22/14;;Observaciones a la identificación;WGS84;;;España
urn:EJGV:ocurrences:2803732;1;DATASET DE PRUEBA;Evento de muestreo;2020-05-20 08:15:40.0;spa;;;Acceso público;;http://desarrollo.jakina.ejiedes.net:7001/ac84aBuscadorWar/observaciones/2803732;PENDIENTE;PENDIENTE;PENDIENTE;PreservedSpecimen;;;Erica lusitanica Rudolphi;Especie;2803732;169410;1323021986;AIZPURU, I., ASEGINOLAZA, C., GARIN, F. & VIVANT, J.;;individuos;;Gameto;;;;Ausente;;1;24;2020;6;15;;20:45;Prueba 8 CAS;120;milímteros;Mínimo de 3 visitas por un muestreador al lugar de muestreo, en horario entre 11-17 h;Cultivo: otros;Araba;Arabako Lautada/Llanada Alavesa;Vitoria-Gasteiz;Arroyo en Axpe;"Arroyo en Axpe (Isla) ";607;655;607;655;distancia supuesta del camino (Autopista 101) ;D. Gómez, G. Morante et al.;4/21/13;;Observaciones a la identificación;WGS84;;;España
urn:EJGV:ocurrences:2803733;1;DATASET DE PRUEBA;Evento de muestreo;2020-05-20 08:15:40.0;spa;;;Acceso público;;http://desarrollo.jakina.ejiedes.net:7001/ac84aBuscadorWar/observaciones/2803733;PENDIENTE;PENDIENTE;PENDIENTE;PreservedSpecimen;;;Erica scoparia L. subsp. scoparia;Taxón infraespecífico;2803733;169411;1291139866;AIZPURU, I., J. GARMENDIA, I. OLARIAGA, J. TERÉS, I. ZENDOIA & J. VIVANT;;individuos;;Gameto;;;;Ausente;Observaciones a la cita;1;24;2020;6;15;;al mediodía;Prueba 8 CAS;120;milímteros;Una jornada de censo en la época de invernada.;Cultivo: otros;Araba;Arabako Lautada/Llanada Alavesa;Vitoria-Gasteiz;Río Karrantza;"Río Karrantza (Isla) ";47;420;47;420;;M. Infante 02.95;7/18/13;;Observaciones a la identificación;WGS84;;;España
urn:EJGV:ocurrences:2803734;1;DATASET DE PRUEBA;Evento de muestreo;2020-05-20 08:15:40.0;spa;;;Acceso público;;http://desarrollo.jakina.ejiedes.net:7001/ac84aBuscadorWar/observaciones/2803734;PENDIENTE;PENDIENTE;PENDIENTE;PreservedSpecimen;;;Falco tinnunculus Linnaeus, 1758;Especie;2803734;169504;3444;Alejandre, Uribe-Etxebarría y Aseginolaza;;individuos;;Gameto;;;;Ausente;;1;24;2020;6;15;;al alba;Prueba 8 CAS;120;milímteros;4 visitas en el periodo de vuelo;Cultivo: otros;Araba;Arabako Lautada/Llanada Alavesa;Vitoria-Gasteiz;Canal de Loidi Errota;"Canal de Loidi Errota (Isla) ";247;1;247;1;distancia supuesta del camino (Autopista 101) ;"M. Infante; cf.: J. Váña";1/5/19;;Observaciones a la identificación;WGS84;;;España
urn:EJGV:ocurrences:2803735;1;DATASET DE PRUEBA;Evento de muestreo;2020-05-20 08:15:40.0;spa;;;Acceso público;;http://desarrollo.jakina.ejiedes.net:7001/ac84aBuscadorWar/observaciones/2803735;PENDIENTE;PENDIENTE;PENDIENTE;PreservedSpecimen;;;Certhia familiaris Linnaeus, 1758;Especie;2803735;169239;VIT 14707;A. Agut, A. del Canto & G. Castaño;;individuos;;Gameto;;;;Ausente;Contrary to popular belief, Lorem Ipsum is not simply random text. It has roots in a piece of classical Latin literature from 45 BC, making it over 2000 years old. Richard McClintock, a Latin professor at Hampden-Sydney College in Virginia, looked up one of the more obscure Latin words;1;24;2020;6;15;;al mediodía;Prueba 8 CAS;120;milímteros;18 visitas por un muestreador al lugar de muestreo, en horario entre 11-17 h;Cultivo: otros;Araba;Arabako Lautada/Llanada Alavesa;Vitoria-Gasteiz;charca de Lahoz;"charca de Lahoz (Isla) ";34;310;34;310;distancia supuesta del camino (Autopista 101) ;M. Infante 09.93;11/10/14;;Observaciones a la identificación;WGS84;;;España
urn:EJGV:ocurrences:2804408;1;DATASET DE PRUEBA;Evento de muestreo;2020-05-20 08:15:40.0;spa;;;Acceso público;;http://desarrollo.jakina.ejiedes.net:7001/ac84aBuscadorWar/observaciones/2804408;PENDIENTE;PENDIENTE;PENDIENTE;PreservedSpecimen;;;Somateria mollissima Linnaeus, 1758;Especie;2804408;859;VIT 18725;Aseginolaza, Gómez,D. & al.;;individuos;;Gameto;;;;Ausente;Observaciones a la cita;1;24;2020;6;15;;por la tarde;Prueba 8 CAS;120;milímteros;5 horas;Cultivo: otros;Araba;Arabako Lautada/Llanada Alavesa;Vitoria-Gasteiz;río Golako;"río Golako (Isla) ";1219;200;1219;200;distancia supuesta del camino (Autopista 101) ;Agentes Forestales de Navarra;4/28/13;;Observaciones a la identificación;WGS84;;;España
urn:EJGV:ocurrences:2804409;1;DATASET DE PRUEBA;Evento de muestreo;2020-05-20 08:15:40.0;spa;;;Acceso público;;http://desarrollo.jakina.ejiedes.net:7001/ac84aBuscadorWar/observaciones/2804409;PENDIENTE;PENDIENTE;PENDIENTE;PreservedSpecimen;;;Elanus caeruleus (Desfontaines, 1789);Especie;2804409;860;BIO 384/86;Aseginolaza, Gómez,D. & Montserrat,G.;;individuos;;Gameto;;;;Ausente;Observaciones a la cita;1;24;2020;6;15;;;Prueba 8 CAS;120;milímteros;5 visitas en el periodo de vuelo;Cultivo: otros;Araba;Arabako Lautada/Llanada Alavesa;Vitoria-Gasteiz;Arroyo de Lepasoro;"Arroyo de Lepasoro (Isla) ";1118;900;1118;900;distancia supuesta del camino (Autopista 101) ;Centro de Recuperación de Fauna Silvestre de Bizkaia;5/30/13;;Observaciones a la identificación;WGS84;;;España
urn:EJGV:ocurrences:2804410;1;DATASET DE PRUEBA;Evento de muestreo;2020-05-20 08:15:40.0;spa;;;Acceso público;;http://desarrollo.jakina.ejiedes.net:7001/ac84aBuscadorWar/observaciones/2804410;PENDIENTE;PENDIENTE;PENDIENTE;PreservedSpecimen;;;Falco tinnunculus Linnaeus, 1758;Especie;2804410;156454;3444;Alejandre, Uribe-Etxebarría y Aseginolaza;;individuos;;Gameto;;;;Ausente;;1;24;2020;6;15;;al alba;Prueba 8 CAS;120;milímteros;4 visitas en el periodo de vuelo;Cultivo: otros;Araba;Arabako Lautada/Llanada Alavesa;Vitoria-Gasteiz;Canal de Loidi Errota;"Canal de Loidi Errota (Isla) ";247;1;247;1;distancia supuesta del camino (Autopista 101) ;"M. Infante; cf.: J. Váña";1/5/19;;Observaciones a la identificación;WGS84;;;España
urn:EJGV:ocurrences:2804411;1;DATASET DE PRUEBA;Evento de muestreo;2020-05-20 08:15:40.0;spa;;;Acceso público;;http://desarrollo.jakina.ejiedes.net:7001/ac84aBuscadorWar/observaciones/2804411;PENDIENTE;PENDIENTE;PENDIENTE;PreservedSpecimen;;;Sonchus tenerrimus L.;Especie;2804411;156455;2973;Alejandre, Urrutia & Morante;;individuos;;Gameto;;;;Ausente;;1;24;2020;6;15;;al anochecer;Prueba 8 CAS;120;milímteros;4 visitas por un muestreador al lugar de muestreo, en horario entre 11-17 h;Cultivo: otros;Araba;Arabako Lautada/Llanada Alavesa;Vitoria-Gasteiz;Laguna de Musco;"Laguna de Musco (Isla) ";730;810;730;810;distancia supuesta del camino (Autopista 101) ;J. Elorza, S. Patino, & J. Valencia;7/30/14;;Observaciones a la identificación;WGS84;;;España
urn:EJGV:ocurrences:2804412;1;DATASET DE PRUEBA;Evento de muestreo;2020-05-20 08:15:40.0;spa;;;Acceso público;;http://desarrollo.jakina.ejiedes.net:7001/ac84aBuscadorWar/observaciones/2804412;PENDIENTE;PENDIENTE;PENDIENTE;PreservedSpecimen;;;Asplenium ruta-muraria L. subsp. ruta-muraria;Taxón infraespecífico;2804412;156551;2961;Arízaga;;individuos;;Gameto;;;;Ausente;Observaciones a la cita;1;24;2020;6;15;;por la tarde;Prueba 8 CAS;120;milímteros;Al menos 3 jornadas de muestreo;Cultivo: otros;Araba;Arabako Lautada/Llanada Alavesa;Vitoria-Gasteiz;Trampal Salduero 1;"Trampal Salduero 1 (Isla) ";1159;1260;1159;1260;;J.A. Fdez.  Prieto, J. Loidi, C.  Aedo, G. Renobal;8/11/13;;Observaciones a la identificación;WGS84;;;España
urn:EJGV:ocurrences:2804413;1;DATASET DE PRUEBA;Evento de muestreo;2020-05-20 08:15:40.0;spa;;;Acceso público;;http://desarrollo.jakina.ejiedes.net:7001/ac84aBuscadorWar/observaciones/2804413;PENDIENTE;PENDIENTE;PENDIENTE;PreservedSpecimen;;;Adiantum capillus-veneris L.;Especie;2804413;156375;A-13;Aizpuru,I. & Elorza,J.;;individuos;;Gameto;;;;Ausente;Observaciones a la cita;1;24;2020;6;15;;;Prueba 8 CAS;120;milímteros;13horas;Cultivo: otros;Araba;Arabako Lautada/Llanada Alavesa;Vitoria-Gasteiz;Charca del campo de golf de Jundiz;"Charca del campo de golf de Jundiz (Isla) ";920;760;920;760;;Txema Grandio & Jose Ibarburu-S.C. Aranzadi;9/16/16;;Observaciones a la identificación;WGS84;;;España
urn:EJGV:ocurrences:2804466;1;DATASET DE PRUEBA;Evento de muestreo;2020-05-20 08:15:40.0;spa;;;Acceso público;;http://desarrollo.jakina.ejiedes.net:7001/ac84aBuscadorWar/observaciones/2804466;PENDIENTE;PENDIENTE;PENDIENTE;PreservedSpecimen;;;Pyrrhocorax graculus Linnaeus, 1766;Especie;2804466;156478;1270;ALLORGE, V. & ALLORGE, P.;;individuos;;Gameto;;;;Ausente;All the Lorem Ipsum generators on the Internet tend to repeat predefined chunks as necessary, making this the first true generator on the Internet. It uses a dictionary of over 200 Latin words, combined;1;24;2020;6;15;;al alba;Prueba 8 CAS;120;milímteros;96horas;Cultivo: otros;Araba;Arabako Lautada/Llanada Alavesa;Vitoria-Gasteiz;Arroyo San Ginés;"Arroyo San Ginés (Isla) ";25;1200;25;1200;distancia supuesta del camino (Autopista 101) ;Miguel Ansa;9/9/19;;Observaciones a la identificación;WGS84;;;España
urn:EJGV:ocurrences:2804467;1;DATASET DE PRUEBA;Evento de muestreo;2020-05-20 08:15:40.0;spa;;;Acceso público;;http://desarrollo.jakina.ejiedes.net:7001/ac84aBuscadorWar/observaciones/2804467;PENDIENTE;PENDIENTE;PENDIENTE;PreservedSpecimen;;;Bombycilla garrulus (Linnaeus, 1758);Especie;2804467;129725;VIT 19752;A., L., P.M. & X. Uribe-Echebarría;;individuos;;Gameto;;;;Ausente;Observaciones a la cita;1;24;2020;6;15;;al mediodía;Prueba 8 CAS;120;milímteros;3 visitas por un muestreador al lugar de muestreo, en horario entre 11-17 h;Cultivo: otros;Araba;Arabako Lautada/Llanada Alavesa;Vitoria-Gasteiz;Arroyo Ataria;"Arroyo Ataria (Isla) ";167;1190;167;1190;;I, Zorrakin;6/27/13;;Observaciones a la identificación;WGS84;43.0467;-2.9509;España
urn:EJGV:ocurrences:2804530;1;DATASET DE PRUEBA;Evento de muestreo;2020-05-20 08:15:40.0;spa;;;Acceso público;;http://desarrollo.jakina.ejiedes.net:7001/ac84aBuscadorWar/observaciones/2804530;PENDIENTE;PENDIENTE;PENDIENTE;PreservedSpecimen;;;Physeter macrocephalus Linnaeus, 1758;Especie;2804530;212;1146;Aizpuru,I., Aperribay,J.A. & Garin,P.;;individuos;;Gameto;;;;Ausente;Contrary to popular belief, Lorem Ipsum is not simply random text. It has roots in a piece of classical Latin literature from 45 BC, making it over 2000 years old. Richard McClintock, a Latin professor at Hampden-Sydney College in Virginia, looked up one of the more obscure Latin words;1;24;2020;6;15;;al mediodía;Prueba 8 CAS;120;milímteros;144horas;Cultivo: otros;Araba;Arabako Lautada/Llanada Alavesa;Vitoria-Gasteiz;Mayor;"Mayor (Isla) ";880;115;880;115;distancia supuesta del camino (Autopista 101) ;M. Infante 10.93;4/21/16;;Observaciones a la identificación;WGS84;;;España
urn:EJGV:ocurrences:2804531;1;DATASET DE PRUEBA;Evento de muestreo;2020-05-20 08:15:40.0;spa;;;Acceso público;;http://desarrollo.jakina.ejiedes.net:7001/ac84aBuscadorWar/observaciones/2804531;PENDIENTE;PENDIENTE;PENDIENTE;PreservedSpecimen;;;Oryza sativa L.;Especie;2804531;575;VIT 14380;Agustin Erkiaga;;individuos;;Gameto;;;;Ausente;Observaciones a la cita;1;24;2020;6;15;;al mediodía;Prueba 8 CAS;120;milímteros;10horas;Cultivo: otros;Araba;Arabako Lautada/Llanada Alavesa;Vitoria-Gasteiz;Charca de Kulukupadra;"Charca de Kulukupadra (Isla) ";4000;700;4000;700;distancia supuesta del camino (Autopista 101) ;Edorta Unamuno Mirandona-S.C. Aranzadi;1/20/15;;Observaciones a la identificación;WGS84;;;España
urn:EJGV:ocurrences:2804532;1;DATASET DE PRUEBA;Evento de muestreo;2020-05-20 08:15:40.0;spa;;;Acceso público;;http://desarrollo.jakina.ejiedes.net:7001/ac84aBuscadorWar/observaciones/2804532;PENDIENTE;PENDIENTE;PENDIENTE;PreservedSpecimen;;;Lolium temulentum L.;Especie;2804532;768;1690;AMARAL FRANCO, J. DO & DA ROCHA AFONSO, M.L.;;individuos;;Gameto;;;;Ausente;All the Lorem Ipsum generators on the Internet tend to repeat predefined chunks as necessary, making this the first true generator on the Internet. It uses a dictionary of over 200 Latin words, combined;1;24;2020;6;15;;20:45;Prueba 8 CAS;120;milímteros;10horas;Cultivo: otros;Araba;Arabako Lautada/Llanada Alavesa;Vitoria-Gasteiz;Afluente Zugastierreka;"Afluente Zugastierreka (Isla) ";168;1205;168;1205;distancia supuesta del camino (Autopista 101) ;Ion Zinkundegi;3/2/14;;Observaciones a la identificación;WGS84;;;España
urn:EJGV:ocurrences:2804533;1;DATASET DE PRUEBA;Evento de muestreo;2020-05-20 08:15:40.0;spa;;;Acceso público;;http://desarrollo.jakina.ejiedes.net:7001/ac84aBuscadorWar/observaciones/2804533;PENDIENTE;PENDIENTE;PENDIENTE;PreservedSpecimen;;;Helictotrichon cantabricum (Lag.) Gervais;Especie;2804533;769;1910;amaya12;;individuos;;Gameto;;;;Ausente;;1;24;2020;6;15;;al mediodía;Prueba 8 CAS;120;milímteros;11 visitas en el periodo de vuelo;Cultivo: otros;Araba;Arabako Lautada/Llanada Alavesa;Vitoria-Gasteiz;arroyo de Los Ríos III;"arroyo de Los Ríos III (Isla) ";87;1275;87;1275;distancia supuesta del camino (Autopista 101) ;Ruben Iba¿ez Lopez de Bergara-S.C. Aranzadi;12/26/12;;Observaciones a la identificación;WGS84;;;España
urn:EJGV:ocurrences:2804534;1;DATASET DE PRUEBA;Evento de muestreo;2020-05-20 08:15:40.0;spa;;;Acceso público;;http://desarrollo.jakina.ejiedes.net:7001/ac84aBuscadorWar/observaciones/2804534;PENDIENTE;PENDIENTE;PENDIENTE;PreservedSpecimen;;;Tropaeolum majus L.;Especie;2804534;156835;1933;Alejandre & Escalante;;individuos;;Gameto;;;;Ausente;Observaciones a la cita;1;24;2020;6;15;;al alba;Prueba 8 CAS;120;milímteros;5h;Cultivo: otros;Araba;Arabako Lautada/Llanada Alavesa;Vitoria-Gasteiz;balsa de Acilu sur;"balsa de Acilu sur (Isla) ";222;699;222;699;distancia supuesta del camino (Autopista 101) ;Centro de Recuperacion de Fauna Silvestre de Bizkaia;10/1/16;;Observaciones a la identificación;WGS84;;;España
urn:EJGV:ocurrences:2804535;1;DATASET DE PRUEBA;Evento de muestreo;2020-05-20 08:15:40.0;spa;;;Acceso público;;http://desarrollo.jakina.ejiedes.net:7001/ac84aBuscadorWar/observaciones/2804535;PENDIENTE;PENDIENTE;PENDIENTE;PreservedSpecimen;;;Lanius minor Gmelin, 1788;Especie;2804535;157090;VIT 11770;A. BESGA & P. URRUTIA;;individuos;;Gameto;;;;Ausente;Contrary to popular belief, Lorem Ipsum is not simply random text. It has roots in a piece of classical Latin literature from 45 BC, making it over 2000 years old. Richard McClintock, a Latin professor at Hampden-Sydney College in Virginia, looked up one of the more obscure Latin words;1;24;2020;6;15;;;Prueba 8 CAS;120;milímteros;8 trampas;Cultivo: otros;Araba;Arabako Lautada/Llanada Alavesa;Vitoria-Gasteiz;Charca de Langaurre;"Charca de Langaurre (Isla) ";22;965;22;965;distancia supuesta del camino (Autopista 101) ;F. Ansorregi-S.C. Aranzadi;1/17/19;;Observaciones a la identificación;WGS84;;;España
urn:EJGV:ocurrences:2804584;1;DATASET DE PRUEBA;Evento de muestreo;2020-05-20 08:15:40.0;spa;;;Acceso público;;http://desarrollo.jakina.ejiedes.net:7001/ac84aBuscadorWar/observaciones/2804584;PENDIENTE;PENDIENTE;PENDIENTE;PreservedSpecimen;;;Hierophis viridiflavus Lacepède, 1789;Especie;2804584;130026;2167;Arnaud Dumond;;individuos;;Gameto;;;;Ausente;There are many variations of passages of Lorem Ipsum available, but the majority have suffered alteration in some form, by injected humour, or randomised;1;24;2020;6;15;;al mediodía;Prueba 8 CAS;120;milímteros;10 visitas en el periodo de vuelo;Cultivo: otros;Araba;Arabako Lautada/Llanada Alavesa;Vitoria-Gasteiz;Parcela inundada de Aretxabaleta;"Parcela inundada de Aretxabaleta (Isla) ";892;615;892;615;distancia supuesta del camino (Autopista 101) ;Alejandro Urmeneta, Olga Ceballos & Jose Antonio Donazar-S.C. Aranzadi;5/22/16;;Observaciones a la identificación;WGS84;42.9632;-2.3747;España
urn:EJGV:ocurrences:2804585;1;DATASET DE PRUEBA;Evento de muestreo;2020-05-20 08:15:40.0;spa;;;Acceso público;;http://desarrollo.jakina.ejiedes.net:7001/ac84aBuscadorWar/observaciones/2804585;PENDIENTE;PENDIENTE;PENDIENTE;PreservedSpecimen;;;Burhinus oedicnemus Linnaeus, 1758;Especie;2804585;130118;VIT 12622;A. Besga & A., P.M. & X. Uribe-Echebarría;;individuos;;Gameto;;;;Ausente;Observaciones a la cita;1;25;2020;7;7;;;Prueba 8 CAS;120;milímteros;7horas;Cultivo: otros;Araba;Arabako Lautada/Llanada Alavesa;Vitoria-Gasteiz;balsa de Heredia;"balsa de Heredia (Isla) ";123;880;123;880;;Rafa Saiz Elizondo;1/8/19;;Observaciones a la identificación;WGS84;43.2917;-2.3647;España
urn:EJGV:ocurrences:2804586;1;DATASET DE PRUEBA;Evento de muestreo;2020-05-20 08:15:40.0;spa;;;Acceso público;;http://desarrollo.jakina.ejiedes.net:7001/ac84aBuscadorWar/observaciones/2804586;PENDIENTE;PENDIENTE;PENDIENTE;PreservedSpecimen;;;Porphyrio alleni;Especie;2804586;129848;MV-15;Alarcón, Support;;individuos;;Gameto;;;;Ausente;All the Lorem Ipsum generators on the Internet tend to repeat predefined chunks as necessary, making this the first true generator on the Internet. It uses a dictionary of over 200 Latin words, combined;1;25;2020;7;7;;20:45;Prueba 8 CAS;120;milímteros;2horas;Cultivo: otros;Araba;Arabako Lautada/Llanada Alavesa;Vitoria-Gasteiz;Estarrona;"Estarrona (Isla) ";573;1360;573;1360;distancia supuesta del camino (Autopista 101) ;Estacion de Anillamiento de TXingudi-S.C. Aranzadi;4/28/13;;Observaciones a la identificación;WGS84;43.0811;-2.3858;España
urn:EJGV:ocurrences:2804587;1;DATASET DE PRUEBA;Evento de muestreo;2020-05-20 08:15:40.0;spa;;;Acceso público;;http://desarrollo.jakina.ejiedes.net:7001/ac84aBuscadorWar/observaciones/2804587;PENDIENTE;PENDIENTE;PENDIENTE;PreservedSpecimen;;;Melanocorypha calandra Linnaeus, 1766;Especie;2804587;129849;JLL_H236;Alberdi, Alberto;;individuos;;Gameto;;;;Ausente;;1;25;2020;7;7;;al mediodía;Prueba 8 CAS;120;milímteros;24h;Cultivo: otros;Araba;Arabako Lautada/Llanada Alavesa;Vitoria-Gasteiz;Arroyo de las Huertas;"Arroyo de las Huertas (Isla) ";725;582;725;582;distancia supuesta del camino (Autopista 101) ;Arturo Fernando Rodriguez Gutierrez-S.C. Aranzadi;5/30/13;;Observaciones a la identificación;WGS84;43.11;-2.76;España
urn:EJGV:ocurrences:2804632;1;DATASET DE PRUEBA;Evento de muestreo;2020-05-20 08:15:40.0;spa;;;Acceso público;;http://desarrollo.jakina.ejiedes.net:7001/ac84aBuscadorWar/observaciones/2804632;PENDIENTE;PENDIENTE;PENDIENTE;PreservedSpecimen;;;Cynara cardunculus L.;Especie;2804632;157279;JLL_H55;Alejandre & Uribe Echebarría;;individuos;;Gameto;;;;Ausente;There are many variations of passages of Lorem Ipsum available, but the majority have suffered alteration in some form, by injected humour, or randomised;1;25;2020;7;7;;al anochecer;Prueba 8 CAS;120;milímteros;7horas;Cultivo: otros;Araba;Arabako Lautada/Llanada Alavesa;Vitoria-Gasteiz;Charca de Armentia;"Charca de Armentia (Isla) ";883;1080;883;1080;;Jose Antonio Donazar-S.C. Aranzadi;7/13/16;;Observaciones a la identificación;WGS84;;;España
urn:EJGV:ocurrences:2804633;1;DATASET DE PRUEBA;Evento de muestreo;2020-05-20 08:15:40.0;spa;;;Acceso público;;http://desarrollo.jakina.ejiedes.net:7001/ac84aBuscadorWar/observaciones/2804633;PENDIENTE;PENDIENTE;PENDIENTE;PreservedSpecimen;;;Cirsium echinatum DC.;Especie;2804633;157280;64-NUT;Alejandre & Uribe-EchebarrÃ­a;;individuos;;Gameto;;;;Ausente;Observaciones a la cita;1;25;2020;7;7;;por la tarde;Prueba 8 CAS;120;milímteros;72horas;Cultivo: otros;Araba;Arabako Lautada/Llanada Alavesa;Vitoria-Gasteiz;Charca de Zorrostea;"Charca de Zorrostea (Isla) ";853;885;853;885;;Diego Villanua Inglada-S.C. Aranzadi;9/24/16;;Observaciones a la identificación;WGS84;;;España
urn:EJGV:ocurrences:2803726;1;DATASET DE PRUEBA;Evento de muestreo;2020-05-20 08:15:40.0;spa;;;Acceso público;;http://desarrollo.jakina.ejiedes.net:7001/ac84aBuscadorWar/observaciones/2803726;PENDIENTE;PENDIENTE;PENDIENTE;PreservedSpecimen;;;Anas carolinensis Gmelin, 1789;Especie;2803726;156446;1481;Alejandre Sáenz,J.A., Fernández de Betoño & Urrutia Uriarte,P.;;individuos;;Gameto;;;;Ausente;All the Lorem Ipsum generators on the Internet tend to repeat predefined chunks as necessary, making this the first true generator on the Internet. It uses a dictionary of over 200 Latin words, combined;1;25;2020;7;7;;ocho menos cuarto;Prueba 8 CAS;120;milímteros;24h;Cultivo: otros;Araba;Arabako Lautada/Llanada Alavesa;Vitoria-Gasteiz;Charca Betoño;"Charca Betoño (Isla) ";1036;1305;1036;1305;distancia supuesta del camino (Autopista 101) ;G. Morante et al.;3/8/14;;Observaciones a la identificación;WGS84;;;España
urn:EJGV:ocurrences:2803727;1;DATASET DE PRUEBA;Evento de muestreo;2020-05-20 08:15:40.0;spa;;;Acceso público;;http://desarrollo.jakina.ejiedes.net:7001/ac84aBuscadorWar/observaciones/2803727;PENDIENTE;PENDIENTE;PENDIENTE;PreservedSpecimen;;;Salaria fluviatilis (Asso, 1801);Especie;2803727;156353;899943165;Aizpuru, Catalán Aedo;;individuos;;Gameto;;;;Ausente;;1;25;2020;7;7;;al mediodía;Prueba 8 CAS;120;milímteros;;Cultivo: otros;Araba;Arabako Lautada/Llanada Alavesa;Vitoria-Gasteiz;balsa de Olarizu;"balsa de Olarizu (Isla) ";895;1150;895;1150;distancia supuesta del camino (Autopista 101) ;I. García-Mijangos;8/29/16;;Observaciones a la identificación;WGS84;;;España
urn:EJGV:ocurrences:2803728;1;DATASET DE PRUEBA;Evento de muestreo;2020-05-20 08:15:40.0;spa;;;Acceso público;;http://desarrollo.jakina.ejiedes.net:7001/ac84aBuscadorWar/observaciones/2803728;PENDIENTE;PENDIENTE;PENDIENTE;PreservedSpecimen;;;Tringa stagnatilis (Bechstein, 1803);Especie;2803728;169776;VIT 14377;AEDO, C., ALDASORO, J.J., ARGÜELLES J.M., DÍEZ RIOL, A., GONZÁLEZ DEL VALLE, J.M., LAÍNZ, M., MORENO, G., PATALLO, J. & SÁNCHEZ PEDRAJA, O.;;individuos;;Gameto;;;;Ausente;Observaciones a la cita;1;25;2020;7;7;;al alba;Prueba 8 CAS;120;milímteros;;Cultivo: otros;Araba;Arabako Lautada/Llanada Alavesa;Vitoria-Gasteiz;Balsa de Arrieta;"Balsa de Arrieta (Isla) ";1407;255;1407;255;distancia supuesta del camino (Autopista 101) ;Alfredo Herrero Gorrotxategi-S.C. Aranzadi;2/7/14;;Observaciones a la identificación;WGS84;;;España
urn:EJGV:ocurrences:2803729;1;DATASET DE PRUEBA;Evento de muestreo;2020-05-20 08:15:40.0;spa;;;Acceso público;;http://desarrollo.jakina.ejiedes.net:7001/ac84aBuscadorWar/observaciones/2803729;PENDIENTE;PENDIENTE;PENDIENTE;PreservedSpecimen;;;Gallinago media (Latham, 1787);Especie;2803729;168368;VIT 14694;A. Agut, A. del Canto & A. Saenz del Castillo;;individuos;;Gameto;;;;Ausente;Observaciones a la cita;1;25;2020;7;7;;20:45;Prueba 8 CAS;120;milímteros;17horas;Cultivo: otros;Araba;Arabako Lautada/Llanada Alavesa;Vitoria-Gasteiz;balsa de la Salmuera;"balsa de la Salmuera (Isla) ";606;245;606;245;distancia supuesta del camino (Autopista 101) ;Marta Infante 10.96;9/2/14;;Observaciones a la identificación;WGS84;;;España
urn:EJGV:ocurrences:2803730;1;DATASET DE PRUEBA;Evento de muestreo;2020-05-20 08:15:40.0;spa;;;Acceso público;;http://desarrollo.jakina.ejiedes.net:7001/ac84aBuscadorWar/observaciones/2803730;PENDIENTE;PENDIENTE;PENDIENTE;PreservedSpecimen;;;Certhia familiaris Linnaeus, 1758;Especie;2803730;168369;VIT 14707;A. Agut, A. del Canto & G. Castaño;;individuos;;Gameto;;;;Ausente;Contrary to popular belief, Lorem Ipsum is not simply random text. It has roots in a piece of classical Latin literature from 45 BC, making it over 2000 years old. Richard McClintock, a Latin professor at Hampden-Sydney College in Virginia, looked up one of the more obscure Latin words;1;25;2020;7;7;;al mediodía;Prueba 8 CAS;120;milímteros;18 visitas por un muestreador al lugar de muestreo, en horario entre 11-17 h;Cultivo: otros;Araba;Arabako Lautada/Llanada Alavesa;Vitoria-Gasteiz;charca de Lahoz;"charca de Lahoz (Isla) ";34;310;34;310;distancia supuesta del camino (Autopista 101) ;M. Infante 09.93;11/10/14;;Observaciones a la identificación;WGS84;;;España
urn:EJGV:ocurrences:2803731;1;DATASET DE PRUEBA;Evento de muestreo;2020-05-20 08:15:40.0;spa;;;Acceso público;;http://desarrollo.jakina.ejiedes.net:7001/ac84aBuscadorWar/observaciones/2803731;PENDIENTE;PENDIENTE;PENDIENTE;PreservedSpecimen;;;Nigella damascena L.;Especie;2803731;168463;VIT 18912;Adrían, Leire, P.M. & Xabier Uribe-Echebarría;;individuos;;Gameto;;;;Ausente;Contrary to popular belief, Lorem Ipsum is not simply random text. It has roots in a piece of classical Latin literature from 45 BC, making it over 2000 years old. Richard McClintock, a Latin professor at Hampden-Sydney College in Virginia, looked up one of the more obscure Latin words;1;25;2020;7;7;;ocho menos cuarto;Prueba 8 CAS;120;milímteros;8 visitas en el periodo de vuelo;Cultivo: otros;Araba;Arabako Lautada/Llanada Alavesa;Vitoria-Gasteiz;Balsa de Betoño;"Balsa de Betoño (Isla) ";393;4;393;4;distancia supuesta del camino (Autopista 101) ;AEPNA;5/14/14;;Observaciones a la identificación;WGS84;;;España
urn:EJGV:ocurrences:2803801;1;DATASET DE PRUEBA;Evento de muestreo;2020-05-20 08:15:40.0;spa;;;Acceso público;;http://desarrollo.jakina.ejiedes.net:7001/ac84aBuscadorWar/observaciones/2803801;PENDIENTE;PENDIENTE;PENDIENTE;PreservedSpecimen;;;Coronella austriaca Laurenti, 1768;Especie;2803801;169610;2661;ARNAIZ, C. & LOIDI, J.;;individuos;;Gameto;;;;Ausente;Contrary to popular belief, Lorem Ipsum is not simply random text. It has roots in a piece of classical Latin literature from 45 BC, making it over 2000 years old. Richard McClintock, a Latin professor at Hampden-Sydney College in Virginia, looked up one of the more obscure Latin words;1;25;2020;7;7;;20:45;Prueba 8 CAS;120;milímteros;10 jornadas de muestreo y 2-3 personas por punto de muestreo y jornada explorando el terreno entre 15-60 minutos cada una;Cultivo: otros;Araba;Arabako Lautada/Llanada Alavesa;Vitoria-Gasteiz;Estanque del Parque del Este;"Estanque del Parque del Este (Isla) ";878;640;878;640;distancia supuesta del camino (Autopista 101) ;Minguez, Saiz, Ganuza-S.C. Aranzadi;8/26/16;;Observaciones a la identificación;WGS84;;;España
urn:EJGV:ocurrences:2803802;1;DATASET DE PRUEBA;Evento de muestreo;2020-05-20 08:15:40.0;spa;;;Acceso público;;http://desarrollo.jakina.ejiedes.net:7001/ac84aBuscadorWar/observaciones/2803802;PENDIENTE;PENDIENTE;PENDIENTE;PreservedSpecimen;;;Hierophis viridiflavus Lacepède, 1789;Especie;2803802;169611;2167;Arnaud Dumond;;individuos;;Gameto;;;;Ausente;There are many variations of passages of Lorem Ipsum available, but the majority have suffered alteration in some form, by injected humour, or randomised;1;25;2020;7;7;;al mediodía;Prueba 8 CAS;120;milímteros;10 visitas en el periodo de vuelo;Cultivo: otros;Araba;Arabako Lautada/Llanada Alavesa;Vitoria-Gasteiz;Parcela inundada de Aretxabaleta;"Parcela inundada de Aretxabaleta (Isla) ";892;615;892;615;distancia supuesta del camino (Autopista 101) ;Alejandro Urmeneta, Olga Ceballos & Jose Antonio Donazar-S.C. Aranzadi;5/22/16;;Observaciones a la identificación;WGS84;;;España
urn:EJGV:ocurrences:2803803;1;DATASET DE PRUEBA;Evento de muestreo;2020-05-20 08:15:40.0;spa;;;Acceso público;;http://desarrollo.jakina.ejiedes.net:7001/ac84aBuscadorWar/observaciones/2803803;PENDIENTE;PENDIENTE;PENDIENTE;PreservedSpecimen;;;Charadrius dubius Scopoli, 1786;Especie;2803803;169519;3370;Alfredo Gorrotxategi;;individuos;;Gameto;;;;Ausente;;1;25;2020;7;7;;ocho menos cuarto;Prueba 8 CAS;120;milímteros;7 visitas en el periodo de vuelo;Cultivo: otros;Araba;Arabako Lautada/Llanada Alavesa;Vitoria-Gasteiz;Estanque de Borinbizkarra;"Estanque de Borinbizkarra (Isla) ";810;1400;810;1400;distancia supuesta del camino (Autopista 101) ;Luis Kortabarria;1/6/14;;Observaciones a la identificación;WGS84;;;España
urn:EJGV:ocurrences:2803804;1;DATASET DE PRUEBA;Evento de muestreo;2020-05-20 08:15:40.0;spa;;;Acceso público;;http://desarrollo.jakina.ejiedes.net:7001/ac84aBuscadorWar/observaciones/2803804;PENDIENTE;PENDIENTE;PENDIENTE;PreservedSpecimen;;;Charadrius hiaticula Linnaeus, 1758;Especie;2803804;169520;415;Alfredo Herrero;;individuos;;Gameto;;;;Ausente;Observaciones a la cita;1;25;2020;7;7;;al alba;Prueba 8 CAS;120;milímteros;7 visitas por un muestreador al lugar de muestreo, en horario entre 11-17 h;Cultivo: otros;Araba;Arabako Lautada/Llanada Alavesa;Vitoria-Gasteiz;A 50 m de la presa de Angosto;"A 50 m de la presa de Angosto (Isla) ";1110;605;1110;605;;Ibon Telletxea;1/21/14;;Observaciones a la identificación;WGS84;;;España
urn:EJGV:ocurrences:2803805;1;DATASET DE PRUEBA;Evento de muestreo;2020-05-20 08:15:40.0;spa;;;Acceso público;;http://desarrollo.jakina.ejiedes.net:7001/ac84aBuscadorWar/observaciones/2803805;PENDIENTE;PENDIENTE;PENDIENTE;PreservedSpecimen;;;Circaetus gallicus Gmelin, 1788;Especie;2803805;169613;VIT 12629;Arrechea, Viviane;;individuos;;Gameto;;;;Ausente;;1;25;2020;7;7;;al alba;Prueba 8 CAS;120;milímteros;11 visitas en el periodo de vuelo;Cultivo: otros;Araba;Arabako Lautada/Llanada Alavesa;Vitoria-Gasteiz;A-2622 pk.38. Junto al cartel de desvío a Karanka y Astulez;"A-2622 pk.38. Junto al cartel de desvío a Karanka y Astulez (Isla) ";5000;1100;5000;1100;;Vicente Oronoz Manterola-S.C. Aranzadi;9/17/16;;Observaciones a la identificación;WGS84;;;España
urn:EJGV:ocurrences:2803868;1;DATASET DE PRUEBA;Evento de muestreo;2020-05-20 08:15:40.0;spa;;;Acceso público;;http://desarrollo.jakina.ejiedes.net:7001/ac84aBuscadorWar/observaciones/2803868;PENDIENTE;PENDIENTE;PENDIENTE;PreservedSpecimen;;;Gallinago media (Latham, 1787);Especie;2803868;165758;VIT 14694;A. Agut, A. del Canto & A. Saenz del Castillo;;individuos;;Gameto;;;;Ausente;Observaciones a la cita;1;25;2020;7;7;;20:45;Prueba 8 CAS;120;milímteros;17horas;Cultivo: otros;Araba;Arabako Lautada/Llanada Alavesa;Vitoria-Gasteiz;balsa de la Salmuera;"balsa de la Salmuera (Isla) ";606;245;606;245;distancia supuesta del camino (Autopista 101) ;Marta Infante 10.96;9/2/14;;Observaciones a la identificación;WGS84;;;España
urn:EJGV:ocurrences:2803869;1;DATASET DE PRUEBA;Evento de muestreo;2020-05-20 08:15:40.0;spa;;;Acceso público;;http://desarrollo.jakina.ejiedes.net:7001/ac84aBuscadorWar/observaciones/2803869;PENDIENTE;PENDIENTE;PENDIENTE;PreservedSpecimen;;;Halimium lasianthum Spach subsp. alyssoides (Lam.) Greuter;Taxón infraespecífico;2803869;169468;JLL_trev4;ALEJANDRE, BAPHA & P.M. URIBE-ECHEBARRIA;;individuos;;Gameto;;;;Ausente;Observaciones a la cita;1;25;2020;7;7;;por la tarde;Prueba 8 CAS;120;milímteros;;Cultivo: otros;Araba;Arabako Lautada/Llanada Alavesa;Vitoria-Gasteiz;Ason;"Ason (Isla) ";712;855;712;855;distancia supuesta del camino (Autopista 101) ;Francisco Garcia Navascues-S.C. Aranzadi;5/26/13;;Observaciones a la identificación;WGS84;;;España
urn:EJGV:ocurrences:2803870;1;DATASET DE PRUEBA;Evento de muestreo;2020-05-20 08:15:40.0;spa;;;Acceso público;;http://desarrollo.jakina.ejiedes.net:7001/ac84aBuscadorWar/observaciones/2803870;PENDIENTE;PENDIENTE;PENDIENTE;PreservedSpecimen;;;Carpinus betulus L.;Especie;2803870;169469;MV-2;Alejandre, Bapha, Morante & Mtz. Icaya;;individuos;;Gameto;;;;Ausente;Contrary to popular belief, Lorem Ipsum is not simply random text. It has roots in a piece of classical Latin literature from 45 BC, making it over 2000 years old. Richard McClintock, a Latin professor at Hampden-Sydney College in Virginia, looked up one of the more obscure Latin words;1;25;2020;7;7;;;Prueba 8 CAS;120;milímteros;Al menos tres tandas de conteo (mayo, junio y julio);Cultivo: otros;Araba;Arabako Lautada/Llanada Alavesa;Vitoria-Gasteiz;Río Tirón;"Río Tirón (Isla) ";529;765;529;765;distancia supuesta del camino (Autopista 101) ;Sociedad Ornitológica Lanius;1/3/14;;Observaciones a la identificación;WGS84;;;España
urn:EJGV:ocurrences:2803871;1;DATASET DE PRUEBA;Evento de muestreo;2020-05-20 08:15:40.0;spa;;;Acceso público;;http://desarrollo.jakina.ejiedes.net:7001/ac84aBuscadorWar/observaciones/2803871;PENDIENTE;PENDIENTE;PENDIENTE;PreservedSpecimen;;;Falco tinnunculus Linnaeus, 1758;Especie;2803871;146014;3444;Alejandre, Uribe-Etxebarría y Aseginolaza;;individuos;;Gameto;;;;Ausente;;1;25;2020;7;7;;al alba;Prueba 8 CAS;120;milímteros;4 visitas en el periodo de vuelo;Cultivo: otros;Araba;Arabako Lautada/Llanada Alavesa;Vitoria-Gasteiz;Canal de Loidi Errota;"Canal de Loidi Errota (Isla) ";247;1;247;1;distancia supuesta del camino (Autopista 101) ;"M. Infante; cf.: J. Váña";1/5/19;;Observaciones a la identificación;WGS84;43.35;-3;España
urn:EJGV:ocurrences:2803933;1;DATASET DE PRUEBA;Evento de muestreo;2020-05-20 08:15:40.0;spa;;;Acceso público;;http://desarrollo.jakina.ejiedes.net:7001/ac84aBuscadorWar/observaciones/2803933;PENDIENTE;PENDIENTE;PENDIENTE;PreservedSpecimen;;;Lagenorhynchus acutus (Gray, 1828);Especie;2803933;146572;VIT 19666;A.SALAZAR & P.URRUTIA;;individuos;;Gameto;;;;Ausente;Contrary to popular belief, Lorem Ipsum is not simply random text. It has roots in a piece of classical Latin literature from 45 BC, making it over 2000 years old. Richard McClintock, a Latin professor at Hampden-Sydney College in Virginia, looked up one of the more obscure Latin words;1;25;2020;7;7;;al mediodía;Prueba 8 CAS;120;milímteros;24horas;Cultivo: otros;Araba;Arabako Lautada/Llanada Alavesa;Vitoria-Gasteiz;Embalse de Ibiur;"Embalse de Ibiur (Isla) ";7850;1315;7850;1315;distancia supuesta del camino (Autopista 101) ;Diputación Foral de Gipuzkoa;;;Observaciones a la identificación;WGS84;42.6479;-2.3535;España
urn:EJGV:ocurrences:2803934;1;DATASET DE PRUEBA;Evento de muestreo;2020-05-20 08:15:40.0;spa;;;Acceso público;;http://desarrollo.jakina.ejiedes.net:7001/ac84aBuscadorWar/observaciones/2803934;PENDIENTE;PENDIENTE;PENDIENTE;PreservedSpecimen;;;Delphinus delphis Linnaeus, 1758;Especie;2803934;146573;VIT 19652;A.SALAZAR& P.URRUTIA;;individuos;;Gameto;;;;Ausente;There are many variations of passages of Lorem Ipsum available, but the majority have suffered alteration in some form, by injected humour, or randomised;1;25;2020;7;7;;ocho menos cuarto;Prueba 8 CAS;120;milímteros;29horas;Cultivo: otros;Araba;Arabako Lautada/Llanada Alavesa;Vitoria-Gasteiz;Río Baias;"Río Baias (Isla) ";2750;370;2750;370;;Ayuntamiento de Vitoria-Gasteiz;9/30/15;;Observaciones a la identificación;WGS84;43.287;-2.3098;España
