<?xml version='1.0' encoding='ISO-8859-1'?>
<opendata>
	<detalle_datos>
		<fuente_departamentos>
			<![CDATA[Gobierno Vasco#Medio Ambiente y Pol�tica Territorial#]]>
		</fuente_departamentos>
		<tipoLicencia code='cc'/>
		<fecha_creacion>19/01/2021</fecha_creacion>
		<periodo_fin></periodo_fin>
		<periodo_inicio></periodo_inicio>
		<fecha_difusion>17/02/2021</fecha_difusion>
		<periodicidad code='33'/>
	</detalle_datos>
	<enlaces_documentaciones_asociadas>
		<enlace_documentacion_asociada>
			<texto>
				<![CDATA[Sistema de Informaci&oacute;n de la Naturaleza de Euskadi. EXPORTAR INFORMACI&Oacute;N DE DISTRIBUCI&Oacute;N DE ESPECIES EN FORMATO DWCA]]>
			</texto>
			<formato_documento>
				<![CDATA[.pdf]]>
			</formato_documento>
			<target_documento>
				<![CDATA[1]]>
			</target_documento>
			<tamanio_documento>967562.0</tamanio_documento>
			<enlace_relacionado>
				<![CDATA[/contenidos/informacion/colaborar_naturaeuskadi/es_def/adjuntos/exportacion_dwca.pdf]]>
			</enlace_relacionado>
		</enlace_documentacion_asociada>
		<enlace_documentacion_asociada>
			<texto>
				<![CDATA[TDWG-Darwin Core]]>
			</texto>
			<target_documento>
				<![CDATA[1]]>
			</target_documento>
			<tamanio_documento>0.0</tamanio_documento>
			<enlace_relacionado>
				<![CDATA[https://dwc.tdwg.org/]]>
			</enlace_relacionado>
		</enlace_documentacion_asociada>
		<enlace_documentacion_asociada>
			<texto>
				<![CDATA[GitHub-DwC]]>
			</texto>
			<target_documento>
				<![CDATA[1]]>
			</target_documento>
			<tamanio_documento>0.0</tamanio_documento>
			<enlace_relacionado>
				<![CDATA[https://github.com/tdwg/dwc]]>
			</enlace_relacionado>
		</enlace_documentacion_asociada>
		<enlace_documentacion_asociada>
			<texto>
				<![CDATA[GBIF-Asistente Archivo Darwin Core]]>
			</texto>
			<target_documento>
				<![CDATA[1]]>
			</target_documento>
			<tamanio_documento>0.0</tamanio_documento>
			<enlace_relacionado>
				<![CDATA[https://www.gbif.org/es/tool/81282/darwin-core-archive-assistant]]>
			</enlace_relacionado>
		</enlace_documentacion_asociada>
		<enlace_documentacion_asociada>
			<texto>
				<![CDATA[Bildumari buruzko informazio gehiago]]>
			</texto>
			<target_documento>
				<![CDATA[1]]>
			</target_documento>
			<tamanio_documento>0.0</tamanio_documento>
			<enlace_relacionado>
				<![CDATA[https://www.euskadi.ejiedes.eus/contenidos/recurso_tecnico/ac84a_imagenes/es_def/adjuntos/imagenes/datasets/141?locale=eu]]>
			</enlace_relacionado>
		</enlace_documentacion_asociada>
	</enlaces_documentaciones_asociadas>
	<datos_generales>
		<es_estadistica>1</es_estadistica>
		<denominacion>
			<![CDATA[CPD_DATASET_EVENTO_EU]]>
		</denominacion>
		<datasets>
			<![CDATA[[[{"texto":"DWC_dataset_141.zip","path":"/contenidos/ds_informes_estudios/dwc_dataset_141/opendata/DWC_dataset_141.zip","tipo":"ZIP","tamanio":5.205078125,"unidades":"KB"},{"texto":"eml.xml","path":"/contenidos/ds_informes_estudios/dwc_dataset_141/opendata/eml.xml","tipo":"XML","tamanio":4.197265625,"unidades":"KB"},{"texto":"Eventos.csv","path":"/contenidos/ds_informes_estudios/dwc_dataset_141/opendata/Eventos.csv","tipo":"CSV","tamanio":0.1865234375,"unidades":"KB"},{"texto":"meta.xml","path":"/contenidos/ds_informes_estudios/dwc_dataset_141/opendata/meta.xml","tipo":"XML","tamanio":5.759765625,"unidades":"KB"},{"texto":"Ocurrencias.csv","path":"/contenidos/ds_informes_estudios/dwc_dataset_141/opendata/Ocurrencias.csv","tipo":"CSV","tamanio":10.9716796875,"unidades":"KB"}]_EU]]]>
		</datasets>
		<descripcion>
			<![CDATA[<p>Informazio-mota hau taxon zehatz bat&#160;(normalean espezie bat) agertzearekin lotuta dago, bai naturan, bilduma batean edo datu-multzo batean.</p><p>Euskadi Naturari buruzko Informazio Sisteman informazioa jeistea Bildumetan oinarrituta dago, hau da,&#160;haututako Bildumaren aipuak Darwin Core Archive (DwCA) formatoko fitxetgi batean bilduta.</p><p><a title="Esteka hau leiho berri batean irekiko da" href="https://github.com/tdwg/dwc" target="_blank">Darwin Core</a> TDWG (<a title="Esteka hau leiho berri batean irekiko da" href="http://www.tdwg.org/about-tdwg/" target="_blank">Biodiversity Information Standards</a>)&#160;nazioarteko erakundeak garatutako&#160;estandarren multzoa da eta Biodibertsitate-Informazioari buruzko Munduko Azpiegituraren (<a title="Esteka hau leiho berri batean irekiko da" href="https://www.gbif.org/" target="_blank">GBIF</a>) sareak erabiltzen du dibertsitate biologikoari buruzko informazioa errazago trukatzeko.</p><p>Darwin Core Archive (DwCA) konprimitutako fitxategia (Zip) da, hainbat informazio-fitxategi duena:</p><ul><li><strong>Testu lauko fitxategia</strong>, informazioa bereizteko karaktereak banatuta (koma, puntu eta koma edo tabuladorea)</li><li><strong>Metadatuen fitxategia</strong>&#160;(eml.xml), aurreko fitxategiaren informazioa deskibatzen duena. XML formatoko fitxategia da, EML (Ecological Metadata Language) estandarrean oinarritutako GMP (GBIF Metadata Profile) estandarra betetzen duena.</li><li><strong>Fitxategi deskribatzailea</strong>&#160;(meta.xml), aurreko fitxategien antolaketa deskribatzen duena. XML formatoko fitxategia da, aurreko fitxategien informazioa nola antolatzen den eta konprimatutako fitxategiaren edukia azaltzen duena</li></ul><p>Darwin Core formatoaz gain, informazioa excel eta csv formatoetan&#160;jasotzen da.</p>]]>
		</descripcion>
		<informacion_complementaria>
			<![CDATA[]]>
		</informacion_complementaria>
		<documentos_descarga>
			<documento_descarga><tamanio_descarga>5.205078125</tamanio_descarga><enlace_descarga><![CDATA[/contenidos/ds_informes_estudios/dwc_dataset_141/opendata/DWC_dataset_141.zip]]></enlace_descarga><unidad_descarga code='5058'/><texto_enlace><![CDATA[DWC_dataset_141.zip]]></texto_enlace><formato_descarga code='5065'/><target_descarga><![CDATA[1]]></target_descarga></documento_descarga><documento_descarga><tamanio_descarga>4.197265625</tamanio_descarga><enlace_descarga><![CDATA[/contenidos/ds_informes_estudios/dwc_dataset_141/opendata/eml.xml]]></enlace_descarga><unidad_descarga code='5058'/><texto_enlace><![CDATA[eml.xml]]></texto_enlace><formato_descarga code='5068'/><target_descarga><![CDATA[1]]></target_descarga></documento_descarga><documento_descarga><tamanio_descarga>0.1865234375</tamanio_descarga><enlace_descarga><![CDATA[/contenidos/ds_informes_estudios/dwc_dataset_141/opendata/Eventos.csv]]></enlace_descarga><unidad_descarga code='5058'/><texto_enlace><![CDATA[Eventos.csv]]></texto_enlace><formato_descarga code='5061'/><target_descarga><![CDATA[1]]></target_descarga></documento_descarga><documento_descarga><tamanio_descarga>5.759765625</tamanio_descarga><enlace_descarga><![CDATA[/contenidos/ds_informes_estudios/dwc_dataset_141/opendata/meta.xml]]></enlace_descarga><unidad_descarga code='5058'/><texto_enlace><![CDATA[meta.xml]]></texto_enlace><formato_descarga code='5068'/><target_descarga><![CDATA[1]]></target_descarga></documento_descarga><documento_descarga><tamanio_descarga>10.9716796875</tamanio_descarga><enlace_descarga><![CDATA[/contenidos/ds_informes_estudios/dwc_dataset_141/opendata/Ocurrencias.csv]]></enlace_descarga><unidad_descarga code='5058'/><texto_enlace><![CDATA[Ocurrencias.csv]]></texto_enlace><formato_descarga code='5061'/><target_descarga><![CDATA[1]]></target_descarga></documento_descarga>
		</documentos_descarga>
		<formats>
			<![CDATA[5065,5068,5061,5068,5061]]>
		</formats>
	</datos_generales>
</opendata>