id;datasetid;datasetname;type;modified;language;license;rightsholder;accessrights;bibliographiccitation;references;institutionid;institutioncode;ownerinstitutioncode;basisofrecord;informationwithheld;datageneralizations;scientificname;taxonrank;ocurrenceid;catalognumber;othercatalognumbers;recordedby;organismquantity;organismquantitytype;sex;lifestage;reproductivecondition;behaviour;establishmentmeans;occurrencestatus;occurrenceremarks;parenteventid;eventid;yeareventdate;montheventdate;dayeventdate;verbatimeventdate;eventtime;samplingprotocol;samplingsizevalue;samplingsizeunit;samplingeffort;habitat;stateprovince;county;municipality;waterbody;island;minimumdepthinmeters;maximumdepthinmeters;minimumelevationinmeters;maximumelevationinmeters;georeferenceremarks;identifiedby;dateidentified;identverificationstatus;identificationremarks;geodeticdatum;decimallatitude;decimalLongitude;country
81;141;CPD_DATASET_EVENTO;Evento de muestreo;2021-02-10 11:46:55.0;spa;;;;;https://www.euskadi.ejiedes.eus/contenidos/recurso_tecnico/ac84a_imagenes/es_def/adjuntos/imagenes/observaciones/d3d8ab0a-39b3-475c-9ade-236128ea0c4d;;;;PreservedSpecimen;Información Retenida;Generalización del Dato;Robinia pseudoacacia L.;Species;d3d8ab0a-39b3-475c-9ade-236128ea0c4d;1_99027;ARAN 1389;A. & P.M. Uribe Echebarría;35465;;;;;;;;All the Lorem Ipsum generators on the Internet tend to repeat predefined chunks as necessary, making this the first true generator on the Internet. It uses a dictionary of over 200 Latin words, combined;141;81;2021;1;20;;;Protocolo;669966;milímteros;;;;;Aramaio;embalse de Ullibarri;embalse de Ullibarri (Isla);56;100;45;100;distancia supuesta del camino (Autopista 101) ;M. Salaverria & X. Lizaur;5/23/16;;Observaciones a la identificación;EPSG:4326 WGS84;;;España
81;141;CPD_DATASET_EVENTO;Evento de muestreo;2021-02-10 11:46:55.0;spa;;;;;https://www.euskadi.ejiedes.eus/contenidos/recurso_tecnico/ac84a_imagenes/es_def/adjuntos/imagenes/observaciones/53905f45-7143-4597-9ea7-77074ffb16ba;;;;PreservedSpecimen;Información Retenida;Generalización del Dato;Robinia pseudoacacia L.;Species;53905f45-7143-4597-9ea7-77074ffb16ba;1_99034;ARAN 1389;A. & P.M. Uribe Echebarría;3;;;;;;;;All the Lorem Ipsum generators on the Internet tend to repeat predefined chunks as necessary, making this the first true generator on the Internet. It uses a dictionary of over 200 Latin words, combined;141;81;2021;1;20;;;Protocolo;669966;milímteros;;;;;Aramaio;embalse de Ullibarri;embalse de Ullibarri (Isla);56;100;45;100;distancia supuesta del camino (Autopista 101) ;M. Salaverria & X. Lizaur;5/23/16;;Observaciones a la identificación;EPSG:4326 WGS84;;;España
81;141;CPD_DATASET_EVENTO;Evento de muestreo;2021-02-10 11:46:55.0;spa;;;;;https://www.euskadi.ejiedes.eus/contenidos/recurso_tecnico/ac84a_imagenes/es_def/adjuntos/imagenes/observaciones/51a559a1-87dc-4f3d-9182-0c00682e8c7a;;;;PreservedSpecimen;Información Retenida;Generalización del Dato;Scilla verna Huds.;Species;51a559a1-87dc-4f3d-9182-0c00682e8c7a;1_99037;VIT 12630;Aseginolaza,C., Gómez,D. & Montserrat,G.;6;;;;;;;;There are many variations of passages of Lorem Ipsum available, but the majority have suffered alteration in some form, by injected humour, or randomised;141;81;2021;1;20;;;Protocolo;669966;milímteros;;;;;;Embalse de Añarbe;Embalse de Añarbe (Isla);23;545;87;545;;Centro de Recuperación de Fauna Silvestre de Bizkaia;1/13/19;;Observaciones a la identificación;EPSG:4326 WGS84;;;España
81;141;CPD_DATASET_EVENTO;Evento de muestreo;2021-02-10 11:46:55.0;spa;;;;;https://www.euskadi.ejiedes.eus/contenidos/recurso_tecnico/ac84a_imagenes/es_def/adjuntos/imagenes/observaciones/74d9e17e-b5e2-4637-9fac-db6bf353f18a;;;;PreservedSpecimen;Información Retenida;Generalización del Dato;Acanthus mollis L.;Species;74d9e17e-b5e2-4637-9fac-db6bf353f18a;1_99025;VIT 14179;A. & P.M. URIBE-ECHEBARRIA;56;;;;;;;;;141;81;2021;1;20;;;Protocolo;669966;milímteros;;;;;Armiñón;balsa de Cerio;balsa de Cerio (Isla);30;650;30;650;;P. Heras;4/21/16;;Observaciones a la identificación;EPSG:4326 WGS84;;;España
81;141;CPD_DATASET_EVENTO;Evento de muestreo;2021-02-10 11:46:55.0;spa;;;;;https://www.euskadi.ejiedes.eus/contenidos/recurso_tecnico/ac84a_imagenes/es_def/adjuntos/imagenes/observaciones/2d7f3a1c-d348-415c-a42c-4dcd6be278f5;;;;PreservedSpecimen;Información Retenida;Generalización del Dato;Acanthus mollis L.;Species;2d7f3a1c-d348-415c-a42c-4dcd6be278f5;1_99032;VIT 14179;A. & P.M. URIBE-ECHEBARRIA;1;;;;;;;;;141;81;2021;1;20;;;Protocolo;669966;milímteros;;;;;Armiñón;balsa de Cerio;balsa de Cerio (Isla);30;650;30;650;;P. Heras;4/21/16;;Observaciones a la identificación;EPSG:4326 WGS84;;;España
81;141;CPD_DATASET_EVENTO;Evento de muestreo;2021-02-10 11:46:55.0;spa;;;;;https://www.euskadi.ejiedes.eus/contenidos/recurso_tecnico/ac84a_imagenes/es_def/adjuntos/imagenes/observaciones/6ebbe5b9-9d33-4f3f-a548-696d2403d474;;;;PreservedSpecimen;Información Retenida;Generalización del Dato;Sarcocornia perennis (Mill.) A.J.Scott;Species;6ebbe5b9-9d33-4f3f-a548-696d2403d474;1_99029;VIT 19541;A. Agut, S.Mira, A. Aguilar, J. Urra, A del Canto.;795;;;;;;;;All the Lorem Ipsum generators on the Internet tend to repeat predefined chunks as necessary, making this the first true generator on the Internet. It uses a dictionary of over 200 Latin words, combined;141;81;2021;1;20;;;Protocolo;669966;milímteros;;;;;Irun;Río Saraso;Río Saraso (Isla);89;605;62;605;distancia supuesta del camino (Autopista 101) ;Grupo Txepetxa-Oficina de Especies Migratorias ();3/6/15;;Observaciones a la identificación;EPSG:4326 WGS84;;;España
81;141;CPD_DATASET_EVENTO;Evento de muestreo;2021-02-10 11:46:55.0;spa;;;;;https://www.euskadi.ejiedes.eus/contenidos/recurso_tecnico/ac84a_imagenes/es_def/adjuntos/imagenes/observaciones/c4e09d97-ecdf-4474-b839-751f332a5e52;;;;PreservedSpecimen;Información Retenida;Generalización del Dato;Sarcocornia perennis (Mill.) A.J.Scott;Species;c4e09d97-ecdf-4474-b839-751f332a5e52;1_99036;VIT 19541;A. Agut, S.Mira, A. Aguilar, J. Urra, A del Canto.;5;;;;;;;;All the Lorem Ipsum generators on the Internet tend to repeat predefined chunks as necessary, making this the first true generator on the Internet. It uses a dictionary of over 200 Latin words, combined;141;81;2021;1;20;;;Protocolo;669966;milímteros;;;;;Irun;Río Saraso;Río Saraso (Isla);89;605;62;605;distancia supuesta del camino (Autopista 101) ;Grupo Txepetxa-Oficina de Especies Migratorias ();3/6/15;;Observaciones a la identificación;EPSG:4326 WGS84;;;España
81;141;CPD_DATASET_EVENTO;Evento de muestreo;2021-02-10 11:46:55.0;spa;;;;;https://www.euskadi.ejiedes.eus/contenidos/recurso_tecnico/ac84a_imagenes/es_def/adjuntos/imagenes/observaciones/c58e9730-c3a8-4539-a8bd-714e8128865b;;;;PreservedSpecimen;Información Retenida;Generalización del Dato;Juncus bufonius L.;Species;c58e9730-c3a8-4539-a8bd-714e8128865b;1_99035;VIT 19541;A. Agut, S.Mira, A. Aguilar, J. Urra, A del Canto.;4;;;;;;;;All the Lorem Ipsum generators on the Internet tend to repeat predefined chunks as necessary, making this the first true generator on the Internet. It uses a dictionary of over 200 Latin words, combined;141;81;2021;1;20;;;Protocolo;669966;milímteros;;;;;Irun;Río Saraso;Río Saraso (Isla);54;605;56;605;distancia supuesta del camino (Autopista 101) ;Grupo Txepetxa-Oficina de Especies Migratorias ();3/6/15;;Observaciones a la identificación;EPSG:4326 WGS84;;;España
81;141;CPD_DATASET_EVENTO;Evento de muestreo;2021-02-10 11:46:55.0;spa;;;;;https://www.euskadi.ejiedes.eus/contenidos/recurso_tecnico/ac84a_imagenes/es_def/adjuntos/imagenes/observaciones/256dca63-ae57-444c-8cdf-d51bc6f7b248;;;;PreservedSpecimen;Información Retenida;Generalización del Dato;Juncus articulatus L.;Species;256dca63-ae57-444c-8cdf-d51bc6f7b248;1_99028;VIT 19541;A. Agut, S.Mira, A. Aguilar, J. Urra, A del Canto.;87;;;;;;;;All the Lorem Ipsum generators on the Internet tend to repeat predefined chunks as necessary, making this the first true generator on the Internet. It uses a dictionary of over 200 Latin words, combined;141;81;2021;1;20;;;Protocolo;669966;milímteros;;;;;Irun;Río Saraso;Río Saraso (Isla);54;605;56;605;distancia supuesta del camino (Autopista 101) ;Grupo Txepetxa-Oficina de Especies Migratorias ();3/6/15;;Observaciones a la identificación;EPSG:4326 WGS84;;;España
81;141;CPD_DATASET_EVENTO;Evento de muestreo;2021-02-10 11:46:55.0;spa;;;;;https://www.euskadi.ejiedes.eus/contenidos/recurso_tecnico/ac84a_imagenes/es_def/adjuntos/imagenes/observaciones/663387fd-72b0-4c53-bb55-dfe5359d0ce8;;;;PreservedSpecimen;Información Retenida;Generalización del Dato;Globicephala melas  (Traill, 1809);Species;663387fd-72b0-4c53-bb55-dfe5359d0ce8;1_99026;ZB-12;Alberto García;487;;;;;;;;Observaciones a la cita;141;81;2021;1;20;;;Protocolo;669966;milímteros;;;;;Barrundia;embalse de Albina;embalse de Albina (Isla);84;225;20;225;distancia supuesta del camino (Autopista 101) ;Agurtzane Iraeta Zabala-S.C. Aranzadi;1/11/14;;Observaciones a la identificación;EPSG:4326 WGS84;;;España
81;141;CPD_DATASET_EVENTO;Evento de muestreo;2021-02-10 11:46:55.0;spa;;;;;https://www.euskadi.ejiedes.eus/contenidos/recurso_tecnico/ac84a_imagenes/es_def/adjuntos/imagenes/observaciones/c5d5e33e-f01c-4efa-a45a-7f64d38a095f;;;;PreservedSpecimen;Información Retenida;Generalización del Dato;Globicephala melas  (Traill, 1809);Species;c5d5e33e-f01c-4efa-a45a-7f64d38a095f;1_99033;ZB-12;Alberto García;2;;;;;;;;Observaciones a la cita;141;81;2021;1;20;;;Protocolo;669966;milímteros;;;;;Barrundia;embalse de Albina;embalse de Albina (Isla);84;225;20;225;distancia supuesta del camino (Autopista 101) ;Agurtzane Iraeta Zabala-S.C. Aranzadi;1/11/14;;Observaciones a la identificación;EPSG:4326 WGS84;;;España
81;141;CPD_DATASET_EVENTO;Evento de muestreo;2021-02-10 11:46:55.0;spa;;;;;https://www.euskadi.ejiedes.eus/contenidos/recurso_tecnico/ac84a_imagenes/es_def/adjuntos/imagenes/observaciones/98f6299e-3c1b-4e1c-a6aa-39bb69a40cb2;;;;PreservedSpecimen;Información Retenida;Generalización del Dato;Vanellus vanellus  Linnaeus, 1758;Species;98f6299e-3c1b-4e1c-a6aa-39bb69a40cb2;1_99031;VIT 17351;ainhoaerce;938;;;;;;;;;141;81;2021;1;20;;;Protocolo;669966;milímteros;;;;;Irura;Charca de Lakanduz;Charca de Lakanduz (Isla);67;1075;93;1075;distancia supuesta del camino (Autopista 101) ;"Marta Infante; rev. H. Blom 1991";7/25/16;;Observaciones a la identificación;EPSG:4326 WGS84;;;España
81;141;CPD_DATASET_EVENTO;Evento de muestreo;2021-02-10 11:46:55.0;spa;;;;;https://www.euskadi.ejiedes.eus/contenidos/recurso_tecnico/ac84a_imagenes/es_def/adjuntos/imagenes/observaciones/0a81078b-f4a3-487f-9e01-e7ab4e8c85b2;;;;PreservedSpecimen;Información Retenida;Generalización del Dato;Vanellus vanellus  Linnaeus, 1758;Species;0a81078b-f4a3-487f-9e01-e7ab4e8c85b2;1_99038;VIT 17351;ainhoaerce;7;;;;;;;;;141;81;2021;1;20;;;Protocolo;669966;milímteros;;;;;Irura;Charca de Lakanduz;Charca de Lakanduz (Isla);67;1075;93;1075;distancia supuesta del camino (Autopista 101) ;"Marta Infante; rev. H. Blom 1991";7/25/16;;Observaciones a la identificación;EPSG:4326 WGS84;;;España
