<?xml version='1.0' encoding='ISO-8859-1'?>
<opendata>
	<detalle_datos>
		<fuente_departamentos>
			<![CDATA[Gobierno Vasco#Medio Ambiente y Pol�tica Territorial#]]>
		</fuente_departamentos>
		<tipoLicencia code='cc'/>
		<fecha_creacion>19/01/2021</fecha_creacion>
		<periodo_fin></periodo_fin>
		<periodo_inicio></periodo_inicio>
		<fecha_difusion>17/02/2021</fecha_difusion>
		<periodicidad code='33'/>
	</detalle_datos>
	<enlaces_documentaciones_asociadas>
		<enlace_documentacion_asociada>
			<texto>
				<![CDATA[Sistema de Informaci&oacute;n de la Naturaleza de Euskadi. EXPORTAR INFORMACI&Oacute;N DE DISTRIBUCI&Oacute;N DE ESPECIES EN FORMATO DWCA]]>
			</texto>
			<formato_documento>
				<![CDATA[.pdf]]>
			</formato_documento>
			<target_documento>
				<![CDATA[1]]>
			</target_documento>
			<tamanio_documento>967562.0</tamanio_documento>
			<enlace_relacionado>
				<![CDATA[/contenidos/informacion/colaborar_naturaeuskadi/es_def/adjuntos/exportacion_dwca.pdf]]>
			</enlace_relacionado>
		</enlace_documentacion_asociada>
		<enlace_documentacion_asociada>
			<texto>
				<![CDATA[TDWG-Darwin Core]]>
			</texto>
			<target_documento>
				<![CDATA[1]]>
			</target_documento>
			<tamanio_documento>0.0</tamanio_documento>
			<enlace_relacionado>
				<![CDATA[https://dwc.tdwg.org/]]>
			</enlace_relacionado>
		</enlace_documentacion_asociada>
		<enlace_documentacion_asociada>
			<texto>
				<![CDATA[GitHub-DwC]]>
			</texto>
			<target_documento>
				<![CDATA[1]]>
			</target_documento>
			<tamanio_documento>0.0</tamanio_documento>
			<enlace_relacionado>
				<![CDATA[https://github.com/tdwg/dwc]]>
			</enlace_relacionado>
		</enlace_documentacion_asociada>
		<enlace_documentacion_asociada>
			<texto>
				<![CDATA[GBIF-Asistente Archivo Darwin Core]]>
			</texto>
			<target_documento>
				<![CDATA[1]]>
			</target_documento>
			<tamanio_documento>0.0</tamanio_documento>
			<enlace_relacionado>
				<![CDATA[https://www.gbif.org/es/tool/81282/darwin-core-archive-assistant]]>
			</enlace_relacionado>
		</enlace_documentacion_asociada>
		<enlace_documentacion_asociada>
			<texto>
				<![CDATA[M&aacute;s informaci&oacute;n sobre la colecci&oacute;n]]>
			</texto>
			<target_documento>
				<![CDATA[1]]>
			</target_documento>
			<tamanio_documento>0.0</tamanio_documento>
			<enlace_relacionado>
				<![CDATA[https://www.euskadi.ejiedes.eus/contenidos/recurso_tecnico/ac84a_imagenes/es_def/adjuntos/imagenes/datasets/141]]>
			</enlace_relacionado>
		</enlace_documentacion_asociada>
	</enlaces_documentaciones_asociadas>
	<datos_generales>
		<es_estadistica>1</es_estadistica>
		<denominacion>
			<![CDATA[CPD_DATASET_EVENTO]]>
		</denominacion>
		<datasets>
			<![CDATA[[[{"texto":"DWC_dataset_141.zip","path":"/contenidos/ds_informes_estudios/dwc_dataset_141/opendata/DWC_dataset_141.zip","tipo":"ZIP","tamanio":5.205078125,"unidades":"KB"},{"texto":"eml.xml","path":"/contenidos/ds_informes_estudios/dwc_dataset_141/opendata/eml.xml","tipo":"XML","tamanio":4.197265625,"unidades":"KB"},{"texto":"Eventos.csv","path":"/contenidos/ds_informes_estudios/dwc_dataset_141/opendata/Eventos.csv","tipo":"CSV","tamanio":0.1865234375,"unidades":"KB"},{"texto":"meta.xml","path":"/contenidos/ds_informes_estudios/dwc_dataset_141/opendata/meta.xml","tipo":"XML","tamanio":5.759765625,"unidades":"KB"},{"texto":"Ocurrencias.csv","path":"/contenidos/ds_informes_estudios/dwc_dataset_141/opendata/Ocurrencias.csv","tipo":"CSV","tamanio":10.9716796875,"unidades":"KB"}]]]]>
		</datasets>
		<descripcion>
			<![CDATA[<p>Esta categor&#237;a de informaci&#243;n se refiere a los datos o la informaci&#243;n relacionada con una aparici&#243;n espec&#237;fica de un tax&#243;n (usualmente una especie), ya sea en la naturaleza, en una colecci&#243;n o en un conjunto de datos.</p><p>La descarga de informaci&#243;n sobre distribuci&#243;n de especies en el Sistema de Informaci&#243;n de la Naturaleza de Euskadi se realiza en base a Colecciones, es decir, con las citas pertenecientes a la Colecci&#243;n seleccionada y en un fichero en formato Darwin Core Archive (DwCA).</p><p><a title="El enlace se abrir&#225; en una nueva ventana" href="http://www.tdwg.org/standards/450/" target="_blank">Darwin </a><a href="http://www.tdwg.org/standards/450/">Core</a>&#160;es un conjunto de est&#225;ndares desarrollado y promovido por la organizaci&#243;n internacional&#160;<a href="http://www.tdwg.org/about-tdwg/">TDWG (</a><a title="El enlace se abrir&#225; en una nueva ventana" href="http://www.tdwg.org/about-tdwg/" target="_blank">Biodiversity</a><a href="http://www.tdwg.org/about-tdwg/"> </a><a href="http://www.tdwg.org/about-tdwg/">Information</a><a href="http://www.tdwg.org/about-tdwg/"> </a><a href="http://www.tdwg.org/about-tdwg/">Standards</a><a href="http://www.tdwg.org/about-tdwg/">)&#160;</a>y utilizado por la red de&#160;la Infraestructura Mundial de Informaci&#243;n en Biodiversidad (<a title="El enlace se abrir&#225; en una nueva ventana" href="https://www.gbif.org/" target="_blank">GBIF</a>) para facilitar el intercambio de informaci&#243;n sobre la diversidad biol&#243;gica.</p><p>El Darwin Core Archive (DwCA)&#160;es un fichero comprimido (Zip), compuesto de varios ficheros de informaci&#243;n:</p><ul><li><b>Fichero de texto</b> plano con la informaci&#243;n, separada por un car&#225;cter separador (coma, punto y coma o tabulador).</li><li><b>Fichero de metadatos</b> (eml.xml), que describe la informaci&#243;n del fichero anterior. Se trata de un fichero en formato XML, que cumple el est&#225;ndar GMP (GBIF Metadata Profile), basado en el est&#225;ndar EML (Ecological Metadata Language).</li><li><b>Fichero descriptor</b> (meta.xml), que describe la organizaci&#243;n de los ficheros anteriores. Se trata de un fichero en formato XML que indica c&#243;mo se organiza la informaci&#243;n de los ficheros anteriores, as&#237; como la composici&#243;n del fichero comprimido.</li></ul><p>Adem&#225;s de en formato Darwin Core se ofrece la informaci&#243;n en excel y csv.</p>]]>
		</descripcion>
		<informacion_complementaria>
			<![CDATA[]]>
		</informacion_complementaria>
		<documentos_descarga>
			<documento_descarga><tamanio_descarga>5.205078125</tamanio_descarga><enlace_descarga><![CDATA[/contenidos/ds_informes_estudios/dwc_dataset_141/opendata/DWC_dataset_141.zip]]></enlace_descarga><unidad_descarga code='5058'/><texto_enlace><![CDATA[DWC_dataset_141.zip]]></texto_enlace><formato_descarga code='5065'/><target_descarga><![CDATA[1]]></target_descarga></documento_descarga><documento_descarga><tamanio_descarga>4.197265625</tamanio_descarga><enlace_descarga><![CDATA[/contenidos/ds_informes_estudios/dwc_dataset_141/opendata/eml.xml]]></enlace_descarga><unidad_descarga code='5058'/><texto_enlace><![CDATA[eml.xml]]></texto_enlace><formato_descarga code='5068'/><target_descarga><![CDATA[1]]></target_descarga></documento_descarga><documento_descarga><tamanio_descarga>0.1865234375</tamanio_descarga><enlace_descarga><![CDATA[/contenidos/ds_informes_estudios/dwc_dataset_141/opendata/Eventos.csv]]></enlace_descarga><unidad_descarga code='5058'/><texto_enlace><![CDATA[Eventos.csv]]></texto_enlace><formato_descarga code='5061'/><target_descarga><![CDATA[1]]></target_descarga></documento_descarga><documento_descarga><tamanio_descarga>5.759765625</tamanio_descarga><enlace_descarga><![CDATA[/contenidos/ds_informes_estudios/dwc_dataset_141/opendata/meta.xml]]></enlace_descarga><unidad_descarga code='5058'/><texto_enlace><![CDATA[meta.xml]]></texto_enlace><formato_descarga code='5068'/><target_descarga><![CDATA[1]]></target_descarga></documento_descarga><documento_descarga><tamanio_descarga>10.9716796875</tamanio_descarga><enlace_descarga><![CDATA[/contenidos/ds_informes_estudios/dwc_dataset_141/opendata/Ocurrencias.csv]]></enlace_descarga><unidad_descarga code='5058'/><texto_enlace><![CDATA[Ocurrencias.csv]]></texto_enlace><formato_descarga code='5061'/><target_descarga><![CDATA[1]]></target_descarga></documento_descarga>
		</documentos_descarga>
		<formats>
			<![CDATA[5065,5068,5061,5068,5061]]>
		</formats>
	</datos_generales>
</opendata>