<?xml version='1.0' encoding='ISO-8859-1'?>
<content>
	<labels>
		<label oid='r01ep687479900e49e97aab64'><structureOid>r01e8391A32E41433C6A081DCA64885E8F8650871BCC</structureOid><role>2</role></label>
		<label oid='r01ep6874d091cee50ea772a3'><structureOid>r01e8391A32E41433C6A081DCA64885E8F8650871BCC</structureOid><role>2</role></label>
		<label oid='r01epae7261a7d43d6383e0f4'><structureOid>r01e8391A32E41433C6A081DCA64885E8F8650871BCC</structureOid><role>2</role></label>
		<label oid='r01e00000ff26d461a5a470b832d9102c1a18bea0'><structureOid>r01e00000fe4e6676dda470b8e96ebfb4e7b967c9</structureOid><role>1</role></label>
		<label oid='r01epd01451cb2bcf6c7b21431da4f8f2b940a2bf'><structureOid>r01epd01451c9d4286c7b2143b0351d30e32748f6</structureOid><role>1</role></label>
		<label oid='r01e286FFF9A4A45F1C4ABCAB7C222CB6523F6008AD3'><structureOid>r01e8391A32E41433C6A081DCA64885E8F8650871BCC</structureOid><role>2</role></label>
		<label oid='r01e00000ff26d461a5a470b86b47bd2b449069f3'><structureOid>r01e00000fe4e6676dda470b8e96ebfb4e7b967c9</structureOid><role>1</role></label>
		<label oid='r01e00000ff26d461a5a470b8618f7e296c596449'><structureOid>r01e00000fe4e6676dda470b8e96ebfb4e7b967c9</structureOid><role>1</role></label>
		<label oid='r01e00000ff26d462afa470b8c1423d6fd2d20b41'><structureOid>r01e8391A32E41433C6A081DCA64885E8F8650871BCC</structureOid><role>1</role></label>
		<label oid='r01e00000ff26d462afa470b8c1423d6fd2d20b41'><structureOid>r01e00000fe4e6676dda470b898e584a4a1047312</structureOid><role>2</role></label>
		<label oid='r01e00000ff26d468d9a470b8b31b8fd84a0d5db3'><structureOid>r01e00000fe4e6676dda470b8deed65c9bfe02f4c</structureOid><role>4</role></label>
		<label oid='r01e00000ff26d46687a470b8a86a04237242b34f'><structureOid>r01e00000fe4e6676dda470b8deed65c9bfe02f4c</structureOid><role>3</role></label>
		<label oid='r01epd0122e4ed314423e0db04c97a47b5baa317f'><structureOid>r01e00000fe4e6676dda470b8deed65c9bfe02f4c</structureOid><role>1</role></label>
		<label oid='r01e00000ff26d46212a470b845ecb637861b7081'><structureOid>r01e00000fe4e6676dda470b898e584a4a1047312</structureOid><role>1</role></label>
		<label oid='r01e00000fe4e66771ba470b85e6897e3cbce045d'><structureOid>r01e00000fe4e6676dda470b8deed65c9bfe02f4c</structureOid><role>2</role></label>
	</labels>
	<documents>
		<document oid='1'>
			<dataFiles>
				<dataFile oid='1'>
					<templateOid>opendata_x46f_v1</templateOid>
					<name>index</name>
				</dataFile>
			</dataFiles>
			<language>es</language>
			<internalName>def</internalName>
			<name><![CDATA[CPD_DATASET_EVENTO]]></name>
			<description><![CDATA[Lorem ipsum dolor sit amet, consectetur adipiscing elit. Nulla condimentum elit quis gravida suscipit. Proin bibendum tempus est id varius. Phasellus purus mi, ultricies eu nisi et, cursus hendrerit orci. Maecenas rutrum posuere posuere. Maecenas sagittis elit non tellus iaculis mattis vel vitae nibh. Nulla euismod ullamcorper porttitor. Vivamus at maximus elit. In ut eleifend nisi. Curabitur id mauris ut enim placerat pretium at at nulla. Morbi in condimentum erat. Nam faucibus, sapien eu feugiat laoreet, ante nibh ultrices dui, sit amet rhoncus nisi magna nec ante. Phasellus consequat tellus tempor ante fringilla, sit amet cursus augue vestibulum. Aliquam vitae ante mauris. Aenean id tortor vitae diam molestie facilisis non vitae mauris. Sed in magna sed urna convallis egestas. Phasellus tempus dui eu rutrum fringilla. Aliquam et malesuada odio. Nam elementum neque ac tortor consectetur, vel viverra leo placerat. Aliquam a porta urna. Vivamus hendrerit id lacus vel viverra. Nunc.]]></description>
		</document>
		<document oid='2'>
			<dataFiles>
				<dataFile oid='1'>
					<templateOid>opendata_x46f_v1</templateOid>
					<name>index</name>
				</dataFile>
			</dataFiles>
			<language>eu</language>
			<internalName>def</internalName>
			<name><![CDATA[CPD_DATASET_EVENTO_EU]]></name>
			<description><![CDATA[Lorem ipsum dolor sit amet, consectetur adipiscing elit. Nulla condimentum elit quis gravida suscipit. Proin bibendum tempus est id varius. Phasellus purus mi, ultricies eu nisi et, cursus hendrerit orci. Maecenas rutrum posuere posuere. Maecenas sagittis elit non tellus iaculis mattis vel vitae nibh. Nulla euismod ullamcorper porttitor. Vivamus at maximus elit. In ut eleifend nisi. Curabitur id mauris ut enim placerat pretium at at nulla. Morbi in condimentum erat. Nam faucibus, sapien eu feugiat laoreet, ante nibh ultrices dui, sit amet rhoncus nisi magna nec ante. Phasellus consequat tellus tempor ante fringilla, sit amet cursus augue vestibulum. Aliquam vitae ante mauris. Aenean id tortor vitae diam molestie facilisis non vitae mauris. Sed in magna sed urna convallis egestas. Phasellus tempus dui eu rutrum fringilla. Aliquam et malesuada odio. Nam elementum neque ac tortor consectetur, vel viverra leo placerat. Aliquam a porta urna. Vivamus hendrerit id lacus vel viverra. Nunc.]]></description>
		</document>
	</documents>
	<name>dwc_dataset_141</name>
	<author>AC83A</author>
</content>
