﻿id;taxonID;scientificName;acceptedNameUsage;kingdom;phylum;class;order;family;taxonomicStatus;taxonRank;references
4;4;Plantae;Plantae;Plantae;;;;;ACCEPTED;Reino;http://desarrollo.jakina.ejiedes.net:7001/ac84aBuscadorWar/especies/4
3;3;Animalia;Animalia;Animalia;;;;;ACCEPTED;Reino;http://desarrollo.jakina.ejiedes.net:7001/ac84aBuscadorWar/especies/3
5;5;Chordata;Chordata;Animalia;Chordata;;;;ACCEPTED;Filo;http://desarrollo.jakina.ejiedes.net:7001/ac84aBuscadorWar/especies/5
38905;38905;Warnstorfia exannulata;Warnstorfia exannulata;Plantae;Bryophyta;Bryopsida;Hypnales;Calliergonaceae;ACCEPTED;Especie;http://desarrollo.jakina.ejiedes.net:7001/ac84aBuscadorWar/especies/38905
38890;38890;Scleropodium touretii;Scleropodium touretii;Plantae;Bryophyta;Bryopsida;Hypnales;Brachytheciaceae;ACCEPTED;Especie;http://desarrollo.jakina.ejiedes.net:7001/ac84aBuscadorWar/especies/38890
38887;38887;Sciuro-hypnum reflexum;Sciuro-hypnum reflexum;Plantae;Bryophyta;Bryopsida;Hypnales;Brachytheciaceae;ACCEPTED;Especie;http://desarrollo.jakina.ejiedes.net:7001/ac84aBuscadorWar/especies/38887
38881;38881;Sanionia uncinata;Sanionia uncinata;Plantae;Bryophyta;Bryopsida;Hypnales;Amblystegiaceae;ACCEPTED;Especie;http://desarrollo.jakina.ejiedes.net:7001/ac84aBuscadorWar/especies/38881
38875;38875;Rhynchostegiella curviseta;Rhynchostegiella curviseta;Plantae;Bryophyta;Bryopsida;Hypnales;Brachytheciaceae;ACCEPTED;Especie;http://desarrollo.jakina.ejiedes.net:7001/ac84aBuscadorWar/especies/38875
38857;38857;Plasteurhynchium striatulum;Plasteurhynchium striatulum;Plantae;Bryophyta;Bryopsida;Bryales;Lembophyllaceae;ACCEPTED;Especie;http://desarrollo.jakina.ejiedes.net:7001/ac84aBuscadorWar/especies/38857
38922;38922;Pteris vittata;Pteris vittata;Plantae;Magnoliophyta;Magnoliopsida;Abies alba;;ACCEPTED;Especie;http://desarrollo.jakina.ejiedes.net:7001/ac84aBuscadorWar/especies/38922
38906;38906;Warnstorfia fluitans;Warnstorfia fluitans;Plantae;Bryophyta;Bryopsida;Hypnales;Calliergonaceae;ACCEPTED;Especie;http://desarrollo.jakina.ejiedes.net:7001/ac84aBuscadorWar/especies/38906
38897;38897;Taxiphyllum wissgrillii;Taxiphyllum wissgrillii;Plantae;Bryophyta;Bryopsida;Hypnales;Hypnaceae;ACCEPTED;Especie;http://desarrollo.jakina.ejiedes.net:7001/ac84aBuscadorWar/especies/38897
38895;38895;Straminergon stramineum;Straminergon stramineum;Plantae;Bryophyta;Bryopsida;Hypnales;Amblystegiaceae;ACCEPTED;Especie;http://desarrollo.jakina.ejiedes.net:7001/ac84aBuscadorWar/especies/38895
38889;38889;Scleropodium cespitans;Scleropodium cespitans;Plantae;Bryophyta;Bryopsida;Hypnales;Brachytheciaceae;ACCEPTED;Especie;http://desarrollo.jakina.ejiedes.net:7001/ac84aBuscadorWar/especies/38889
38886;38886;Sciuro-hypnum populeum;Sciuro-hypnum populeum;Plantae;Bryophyta;Bryopsida;Hypnales;Brachytheciaceae;ACCEPTED;Especie;http://desarrollo.jakina.ejiedes.net:7001/ac84aBuscadorWar/especies/38886
38885;38885;Sciuro-hypnum plumosum;Sciuro-hypnum plumosum;Plantae;Bryophyta;Bryopsida;Hypnales;Brachytheciaceae;ACCEPTED;Especie;http://desarrollo.jakina.ejiedes.net:7001/ac84aBuscadorWar/especies/38885
38876;38876;Rhynchostegiella teneriffae;Rhynchostegiella teneriffae;Plantae;Bryophyta;Bryopsida;Hypnales;Brachytheciaceae;ACCEPTED;Especie;http://desarrollo.jakina.ejiedes.net:7001/ac84aBuscadorWar/especies/38876
38873;38873;Pylaisia polyantha;Pylaisia polyantha;Plantae;Bryophyta;Bryopsida;Hypnales;Hypnaceae;ACCEPTED;Especie;http://desarrollo.jakina.ejiedes.net:7001/ac84aBuscadorWar/especies/38873
38871;38871;Pseudoleskeella catenulata;Pseudoleskeella catenulata;Plantae;Bryophyta;Bryopsida;Hypnales;Leskeaceae;ACCEPTED;Especie;http://desarrollo.jakina.ejiedes.net:7001/ac84aBuscadorWar/especies/38871
38867;38867;Protobryum bryoides;Protobryum bryoides;Plantae;Bryophyta;Bryopsida;Pottiales;Pottiaceae;ACCEPTED;Especie;http://desarrollo.jakina.ejiedes.net:7001/ac84aBuscadorWar/especies/38867
38864;38864;Platyhypnidium riparioides;Platyhypnidium riparioides;Plantae;Bryophyta;Bryopsida;Hypnales;Brachytheciaceae;ACCEPTED;Especie;http://desarrollo.jakina.ejiedes.net:7001/ac84aBuscadorWar/especies/38864
38862;38862;Platygyrium repens;Platygyrium repens;Plantae;Bryophyta;Bryopsida;Hypnales;Pylaisiadelphaceae;ACCEPTED;Especie;http://desarrollo.jakina.ejiedes.net:7001/ac84aBuscadorWar/especies/38862
38859;38859;Platydictya jungermannioides;Platydictya jungermannioides;Plantae;Bryophyta;Bryopsida;Hypnales;Amblystegiaceae;ACCEPTED;Especie;http://desarrollo.jakina.ejiedes.net:7001/ac84aBuscadorWar/especies/38859
33171;33171;Abies koreana;Abies koreana;Plantae;Pinophyta;Pinopsida;Pinales;Pinaceae;ACCEPTED;Especie;http://desarrollo.jakina.ejiedes.net:7001/ac84aBuscadorWar/especies/33171
11376;11376;Bufonia tenuifolia;Bufonia tenuifolia;Plantae;Bryophyta;Bryopsida;Dicranales;Rhabdoweisiaceae;ACCEPTED;Especie;http://desarrollo.jakina.ejiedes.net:7001/ac84aBuscadorWar/especies/11376
38919;38919;Limicola falcinellus;Limicola falcinellus;Animalia;Chordata;Aves;Charadriiformes;Scolopacidae;ACCEPTED;Especie;http://desarrollo.jakina.ejiedes.net:7001/ac84aBuscadorWar/especies/38919
10066;10066;Acrocephalus scirpaceus;Acrocephalus scirpaceus;Animalia;Chordata;Aves;Passeriformes;Sylviidae;ACCEPTED;Especie;http://desarrollo.jakina.ejiedes.net:7001/ac84aBuscadorWar/especies/10066
10061;10061;Accipiter gentilis;Accipiter gentilis;Animalia;Chordata;Aves;Falconiformes;Accipitridae;ACCEPTED;Especie;http://desarrollo.jakina.ejiedes.net:7001/ac84aBuscadorWar/especies/10061
