<archive xmlns="http://rs.tdwg.org/dwc/text/" metadata="eml.xml">
  <core encoding="UTF-8" fieldsTerminatedBy=";" linesTerminatedBy="\n" fieldsEnclosedBy="" ignoreHeaderLines="1" rowType="http://rs.tdwg.org/dwc/terms/Taxon">
    <files>
      <location>Taxon.csv</location>
    </files>
    <id index="0" />
    <field index="1" term="http://rs.tdwg.org/dwc/terms/taxonID"/>
    <field index="2" term="http://rs.tdwg.org/dwc/terms/scientificName"/>
    <field index="3" term="http://rs.tdwg.org/dwc/terms/acceptedNameUsage"/>
    <field index="4" term="http://rs.tdwg.org/dwc/terms/kingdom"/>
    <field index="5" term="http://rs.tdwg.org/dwc/terms/phylum"/>
    <field index="6" term="http://rs.tdwg.org/dwc/terms/class"/>
    <field index="7" term="http://rs.tdwg.org/dwc/terms/order"/>
    <field index="8" term="http://rs.tdwg.org/dwc/terms/family"/>>
    <field index="9" term="http://rs.tdwg.org/dwc/terms/taxonomicStatus"/>
	<field index="10" term="http://purl.org/dc/terms/references"/>
  </core>
</archive>
