﻿id;taxonID;scientificName;acceptedNameUsage;kingdom;phylum;class;order;family;taxonomicStatus;references
3;3;Animalia  Hemming, 1934;Animalia;Animalia;;;;;ACCEPTED;http://desarrollo.jakina.ejiedes.net:7001/ac84aBuscadorWar/especies/3
4;4;Plantae  Stichel, 1908;Plantae;Plantae;;;;;ACCEPTED;http://desarrollo.jakina.ejiedes.net:7001/ac84aBuscadorWar/especies/4
5;5;Chordata  Batenson, 1885;Chordata;Animalia;Chordata;;;;ACCEPTED;http://desarrollo.jakina.ejiedes.net:7001/ac84aBuscadorWar/especies/5
10061;10061;Accipiter gentilis  Linnaeus, 1758;Accipiter gentilis;Animalia;Chordata;Aves;Falconiformes;Accipitridae;ACCEPTED;http://desarrollo.jakina.ejiedes.net:7001/ac84aBuscadorWar/especies/10061
10066;10066;Acrocephalus scirpaceus  Hermann, 1804;Acrocephalus scirpaceus;Animalia;Chordata;Aves;Passeriformes;Sylviidae;ACCEPTED;http://desarrollo.jakina.ejiedes.net:7001/ac84aBuscadorWar/especies/10066
11376;11376;Bufonia tenuifolia L.;Bufonia tenuifolia;Plantae;Bryophyta;Bryopsida;Dicranales;Rhabdoweisiaceae;ACCEPTED;http://desarrollo.jakina.ejiedes.net:7001/ac84aBuscadorWar/especies/11376
33171;33171;Abies koreana E.H.Wilson;Abies koreana;Plantae;Pinophyta;Pinopsida;Pinales;Pinaceae;ACCEPTED;http://desarrollo.jakina.ejiedes.net:7001/ac84aBuscadorWar/especies/33171
38857;38857;Plasteurhynchium striatulum (Spruce) M. Fleisch.;Plasteurhynchium striatulum;Plantae;Bryophyta;Bryopsida;Bryales;Lembophyllaceae;ACCEPTED;http://desarrollo.jakina.ejiedes.net:7001/ac84aBuscadorWar/especies/38857
38859;38859;Platydictya jungermannioides (Brid.) H.A. Crum;Platydictya jungermannioides;Plantae;Bryophyta;Bryopsida;Hypnales;Amblystegiaceae;ACCEPTED;http://desarrollo.jakina.ejiedes.net:7001/ac84aBuscadorWar/especies/38859
38862;38862;Platygyrium repens (Brid.) Schimp.;Platygyrium repens;Plantae;Bryophyta;Bryopsida;Hypnales;Pylaisiadelphaceae;ACCEPTED;http://desarrollo.jakina.ejiedes.net:7001/ac84aBuscadorWar/especies/38862
38864;38864;Platyhypnidium riparioides (Hedw.) Dixon;Platyhypnidium riparioides;Plantae;Bryophyta;Bryopsida;Hypnales;Brachytheciaceae;ACCEPTED;http://desarrollo.jakina.ejiedes.net:7001/ac84aBuscadorWar/especies/38864
38867;38867;Protobryum bryoides (Dicks.) J. Guerra & M.J. Cano;Protobryum bryoides;Plantae;Bryophyta;Bryopsida;Pottiales;Pottiaceae;ACCEPTED;http://desarrollo.jakina.ejiedes.net:7001/ac84aBuscadorWar/especies/38867
38871;38871;Pseudoleskeella catenulata (Brid. ex Schrad.) Kindb.;Pseudoleskeella catenulata;Plantae;Bryophyta;Bryopsida;Hypnales;Leskeaceae;ACCEPTED;http://desarrollo.jakina.ejiedes.net:7001/ac84aBuscadorWar/especies/38871
38873;38873;Pylaisia polyantha (Hedw.) Schimp.;Pylaisia polyantha;Plantae;Bryophyta;Bryopsida;Hypnales;Hypnaceae;ACCEPTED;http://desarrollo.jakina.ejiedes.net:7001/ac84aBuscadorWar/especies/38873
38875;38875;Rhynchostegiella curviseta (Brid.) Limpr.;Rhynchostegiella curviseta;Plantae;Bryophyta;Bryopsida;Hypnales;Brachytheciaceae;ACCEPTED;http://desarrollo.jakina.ejiedes.net:7001/ac84aBuscadorWar/especies/38875
38876;38876;Rhynchostegiella teneriffae (Mont.) Dirkse & Bouman;Rhynchostegiella teneriffae;Plantae;Bryophyta;Bryopsida;Hypnales;Brachytheciaceae;ACCEPTED;http://desarrollo.jakina.ejiedes.net:7001/ac84aBuscadorWar/especies/38876
38881;38881;Sanionia uncinata (Hedw.) Loeske;Sanionia uncinata;Plantae;Bryophyta;Bryopsida;Hypnales;Amblystegiaceae;ACCEPTED;http://desarrollo.jakina.ejiedes.net:7001/ac84aBuscadorWar/especies/38881
38885;38885;Sciuro-hypnum plumosum (Hedw.) Ignatov & Huttunen;Sciuro-hypnum plumosum;Plantae;Bryophyta;Bryopsida;Hypnales;Brachytheciaceae;ACCEPTED;http://desarrollo.jakina.ejiedes.net:7001/ac84aBuscadorWar/especies/38885
38886;38886;Sciuro-hypnum populeum (Hedw.) Ignatov & Huttunen;Sciuro-hypnum populeum;Plantae;Bryophyta;Bryopsida;Hypnales;Brachytheciaceae;ACCEPTED;http://desarrollo.jakina.ejiedes.net:7001/ac84aBuscadorWar/especies/38886
38887;38887;Sciuro-hypnum reflexum (Starke) Ignatov & Huttunen;Sciuro-hypnum reflexum;Plantae;Bryophyta;Bryopsida;Hypnales;Brachytheciaceae;ACCEPTED;http://desarrollo.jakina.ejiedes.net:7001/ac84aBuscadorWar/especies/38887
38889;38889;Scleropodium cespitans (Wilson ex Müll. Hal.) L.F. Koch;Scleropodium cespitans;Plantae;Bryophyta;Bryopsida;Hypnales;Brachytheciaceae;ACCEPTED;http://desarrollo.jakina.ejiedes.net:7001/ac84aBuscadorWar/especies/38889
38890;38890;Scleropodium touretii (Brid.) L.F. Koch;Scleropodium touretii;Plantae;Bryophyta;Bryopsida;Hypnales;Brachytheciaceae;ACCEPTED;http://desarrollo.jakina.ejiedes.net:7001/ac84aBuscadorWar/especies/38890
38895;38895;Straminergon stramineum (Dicks. ex Brid.) Hedenäs;Straminergon stramineum;Plantae;Bryophyta;Bryopsida;Hypnales;Amblystegiaceae;ACCEPTED;http://desarrollo.jakina.ejiedes.net:7001/ac84aBuscadorWar/especies/38895
38897;38897;Taxiphyllum wissgrillii (Garov.) Wijk & Margad.;Taxiphyllum wissgrillii;Plantae;Bryophyta;Bryopsida;Hypnales;Hypnaceae;ACCEPTED;http://desarrollo.jakina.ejiedes.net:7001/ac84aBuscadorWar/especies/38897
38905;38905;Warnstorfia exannulata (Schimp.) Loeske;Warnstorfia exannulata;Plantae;Bryophyta;Bryopsida;Hypnales;Calliergonaceae;ACCEPTED;http://desarrollo.jakina.ejiedes.net:7001/ac84aBuscadorWar/especies/38905
38906;38906;Warnstorfia fluitans (Hedw.) Loeske;Warnstorfia fluitans;Plantae;Bryophyta;Bryopsida;Hypnales;Calliergonaceae;ACCEPTED;http://desarrollo.jakina.ejiedes.net:7001/ac84aBuscadorWar/especies/38906
38919;38919;Limicola falcinellus (Pontoppidan, 1763);Limicola falcinellus;Animalia;Chordata;Aves;Charadriiformes;Scolopacidae;ACCEPTED;http://desarrollo.jakina.ejiedes.net:7001/ac84aBuscadorWar/especies/38919
38922;38922;Pteris vittata L.;Pteris vittata;Plantae;Magnoliophyta;Magnoliopsida;Abies alba;;ACCEPTED;http://desarrollo.jakina.ejiedes.net:7001/ac84aBuscadorWar/especies/38922
