﻿id;taxonID;scientificName;acceptedNameUsage;kingdom;phylum;class;order;family;taxonRank;taxonomicStatus
10061;10061;Accipiter gentilis  Linnaeus, 1758;Accipiter gentilis;Animalia;Chordata;Aves;Falconiformes;Accipitridae;SPECIES;ACCEPTED
10066;10066;Acrocephalus scirpaceus  Hermann, 1804;Acrocephalus scirpaceus;Animalia;Chordata;Aves;Passeriformes;Sylviidae;SPECIES;ACCEPTED
38919;38919;Limicola falcinellus (Pontoppidan, 1763);Limicola falcinellus;Animalia;Chordata;Aves;Charadriiformes;Scolopacidae;SPECIES;ACCEPTED
38857;38857;Plasteurhynchium striatulum (Spruce) M. Fleisch.;Plasteurhynchium striatulum;Plantae;Bryophyta;Bryopsida;Bryales;Lembophyllaceae;SPECIES;ACCEPTED
38859;38859;Platydictya jungermannioides (Brid.) H.A. Crum;Platydictya jungermannioides;Plantae;Bryophyta;Bryopsida;Hypnales;Amblystegiaceae;SPECIES;ACCEPTED
38862;38862;Platygyrium repens (Brid.) Schimp.;Platygyrium repens;Plantae;Bryophyta;Bryopsida;Hypnales;Pylaisiadelphaceae;SPECIES;ACCEPTED
38864;38864;Platyhypnidium riparioides (Hedw.) Dixon;Platyhypnidium riparioides;Plantae;Bryophyta;Bryopsida;Hypnales;Brachytheciaceae;SPECIES;ACCEPTED
38867;38867;Protobryum bryoides (Dicks.) J. Guerra & M.J. Cano;Protobryum bryoides;Plantae;Bryophyta;Bryopsida;Pottiales;Pottiaceae;SPECIES;ACCEPTED
38871;38871;Pseudoleskeella catenulata (Brid. ex Schrad.) Kindb.;Pseudoleskeella catenulata;Plantae;Bryophyta;Bryopsida;Hypnales;Leskeaceae;SPECIES;ACCEPTED
38873;38873;Pylaisia polyantha (Hedw.) Schimp.;Pylaisia polyantha;Plantae;Bryophyta;Bryopsida;Hypnales;Hypnaceae;SPECIES;ACCEPTED
38875;38875;Rhynchostegiella curviseta (Brid.) Limpr.;Rhynchostegiella curviseta;Plantae;Bryophyta;Bryopsida;Hypnales;Brachytheciaceae;SPECIES;ACCEPTED
38876;38876;Rhynchostegiella teneriffae (Mont.) Dirkse & Bouman;Rhynchostegiella teneriffae;Plantae;Bryophyta;Bryopsida;Hypnales;Brachytheciaceae;SPECIES;ACCEPTED
38881;38881;Sanionia uncinata (Hedw.) Loeske;Sanionia uncinata;Plantae;Bryophyta;Bryopsida;Hypnales;Amblystegiaceae;SPECIES;ACCEPTED
38885;38885;Sciuro-hypnum plumosum (Hedw.) Ignatov & Huttunen;Sciuro-hypnum plumosum;Plantae;Bryophyta;Bryopsida;Hypnales;Brachytheciaceae;SPECIES;ACCEPTED
38886;38886;Sciuro-hypnum populeum (Hedw.) Ignatov & Huttunen;Sciuro-hypnum populeum;Plantae;Bryophyta;Bryopsida;Hypnales;Brachytheciaceae;SPECIES;ACCEPTED
38887;38887;Sciuro-hypnum reflexum (Starke) Ignatov & Huttunen;Sciuro-hypnum reflexum;Plantae;Bryophyta;Bryopsida;Hypnales;Brachytheciaceae;SPECIES;ACCEPTED
38889;38889;Scleropodium cespitans (Wilson ex Müll. Hal.) L.F. Koch;Scleropodium cespitans;Plantae;Bryophyta;Bryopsida;Hypnales;Brachytheciaceae;SPECIES;ACCEPTED
38890;38890;Scleropodium touretii (Brid.) L.F. Koch;Scleropodium touretii;Plantae;Bryophyta;Bryopsida;Hypnales;Brachytheciaceae;SPECIES;ACCEPTED
38895;38895;Straminergon stramineum (Dicks. ex Brid.) Hedenäs;Straminergon stramineum;Plantae;Bryophyta;Bryopsida;Hypnales;Amblystegiaceae;SPECIES;ACCEPTED
38897;38897;Taxiphyllum wissgrillii (Garov.) Wijk & Margad.;Taxiphyllum wissgrillii;Plantae;Bryophyta;Bryopsida;Hypnales;Hypnaceae;SPECIES;ACCEPTED
38905;38905;Warnstorfia exannulata (Schimp.) Loeske;Warnstorfia exannulata;Plantae;Bryophyta;Bryopsida;Hypnales;Calliergonaceae;SPECIES;ACCEPTED
38906;38906;Warnstorfia fluitans (Hedw.) Loeske;Warnstorfia fluitans;Plantae;Bryophyta;Bryopsida;Hypnales;Calliergonaceae;SPECIES;ACCEPTED
38922;38922;Pteris vittata L.;Pteris vittata;Plantae;Magnoliophyta;Magnoliopsida;Abies alba;;SPECIES;ACCEPTED
33171;33171;Abies koreana E.H.Wilson;Abies koreana;Plantae;Pinophyta;Pinopsida;Pinales;Pinaceae;SPECIES;ACCEPTED
11376;11376;Bufonia tenuifolia L.;Bufonia tenuifolia;Plantae;Bryophyta;Bryopsida;Dicranales;Rhabdoweisiaceae;SPECIES;ACCEPTED
